model,fold,params
char + MultinomialNB,0,"alpha=0.03 min_df=3 ngram=(1, 3)"
char + MultinomialNB,1,"alpha=0.03 min_df=3 ngram=(1, 3)"
char + MultinomialNB,2,"alpha=0.03 min_df=3 ngram=(1, 3)"
char + MultinomialNB,3,"alpha=0.1 min_df=3 ngram=(1, 3)"
char + MultinomialNB,4,"alpha=0.03 min_df=3 ngram=(1, 3)"
char + ComplementNB,0,"alpha=0.03 min_df=3 ngram=(1, 3)"
char + ComplementNB,1,"alpha=0.03 min_df=3 ngram=(1, 3)"
char + ComplementNB,2,"alpha=0.03 min_df=3 ngram=(1, 3)"
char + ComplementNB,3,"alpha=0.1 min_df=3 ngram=(1, 3)"
char + ComplementNB,4,"alpha=0.03 min_df=3 ngram=(1, 3)"
char + LogReg,0,"C=3 min_df=3 ngram=(1, 3)"
char + LogReg,1,"C=3 min_df=3 ngram=(1, 3)"
char + LogReg,2,"C=30 min_df=1 ngram=(1, 3)"
char + LogReg,3,"C=1 min_df=3 ngram=(1, 3)"
char + LogReg,4,"C=3 min_df=3 ngram=(1, 3)"
char + LinearSVM,0,"C=0.3 min_df=3 ngram=(1, 3)"
char + LinearSVM,1,"C=0.3 min_df=3 ngram=(1, 3)"
char + LinearSVM,2,"C=1 min_df=1 ngram=(1, 3)"
char + LinearSVM,3,"C=0.1 min_df=3 ngram=(1, 3)"
char + LinearSVM,4,"C=0.3 min_df=3 ngram=(1, 3)"
word + MultinomialNB,0,"alpha=0.03 min_df=2 ngram=(1, 3)"
word + MultinomialNB,1,"alpha=0.1 min_df=2 ngram=(1, 2)"
word + MultinomialNB,2,"alpha=0.1 min_df=3 ngram=(1, 3)"
word + MultinomialNB,3,"alpha=0.1 min_df=3 ngram=(1, 3)"
word + MultinomialNB,4,"alpha=0.1 min_df=3 ngram=(1, 2)"
word + ComplementNB,0,"alpha=0.03 min_df=2 ngram=(1, 3)"
word + ComplementNB,1,"alpha=0.1 min_df=2 ngram=(1, 2)"
word + ComplementNB,2,"alpha=0.1 min_df=3 ngram=(1, 3)"
word + ComplementNB,3,"alpha=0.1 min_df=3 ngram=(1, 3)"
word + ComplementNB,4,"alpha=0.1 min_df=3 ngram=(1, 2)"
word + LogReg,0,"C=3 min_df=1 ngram=(1, 1)"
word + LogReg,1,"C=30 min_df=3 ngram=(1, 2)"
word + LogReg,2,"C=30 min_df=1 ngram=(1, 2)"
word + LogReg,3,"C=3 min_df=3 ngram=(1, 2)"
word + LogReg,4,"C=30 min_df=3 ngram=(1, 2)"
word + LinearSVM,0,"C=0.3 min_df=1 ngram=(1, 1)"
word + LinearSVM,1,"C=1 min_df=3 ngram=(1, 2)"
word + LinearSVM,2,"C=1 min_df=1 ngram=(1, 3)"
word + LinearSVM,3,"C=0.3 min_df=2 ngram=(1, 2)"
word + LinearSVM,4,"C=0.3 min_df=3 ngram=(1, 2)"
