model,condition,PR-AUC,ROC-AUC,Brier,P@0.5,R@0.5,F1@0.5,P@0.9,R@0.9,F1@0.9,bestF1,bestF1_th,R@P>=0.8
char + MultinomialNB,raw/default,0.8205180157946541,0.9213788419086432,0.08998571085617009,0.746875,0.7660256410256411,0.7563291139240507,0.8623853211009175,0.6025641025641025,0.7094339622641509,0.7643097643097643,0.6744853879840871,0.7275641025641025
char + MultinomialNB,norm/default,0.8329182545903951,0.9329803750333552,0.08477515272534465,0.7564102564102564,0.7564102564102564,0.7564102564102564,0.8719211822660099,0.5673076923076923,0.6873786407766991,0.7746243739565943,0.617295249108614,0.7467948717948718
char + MultinomialNB,norm/tuned,0.839121388325212,0.9339112873881086,0.10099121153313599,0.6607142857142857,0.8301282051282052,0.7357954545454546,0.8262548262548263,0.6858974358974359,0.7495621716287215,0.771043771043771,0.8498583659994137,0.7371794871794872
char + ComplementNB,raw/default,0.7862998245230765,0.897881643742571,0.09563806751765719,0.7421602787456446,0.6826923076923077,0.7111853088480802,0.8920863309352518,0.3974358974358974,0.549889135254989,0.7208931419457736,0.44329646962557095,0.6538461538461539
char + ComplementNB,norm/default,0.8068570639141012,0.9165150522766417,0.0897163697848828,0.7585034013605442,0.7147435897435898,0.735973597359736,0.9333333333333333,0.40384615384615385,0.5637583892617449,0.7428571428571428,0.44174701502364905,0.6826923076923077
char + ComplementNB,norm/tuned,0.8390738063782859,0.9338748999345026,0.13534925786688126,0.562753036437247,0.8910256410256411,0.6898263027295285,0.7523510971786834,0.7692307692307693,0.7606973058637084,0.771043771043771,0.9503280258442676,0.7371794871794872
char + LogReg,raw/default,0.8770586220569512,0.9616051718700726,0.06877689988890656,0.7728613569321534,0.8397435897435898,0.804915514592934,0.9133858267716536,0.3717948717948718,0.5284738041002278,0.8112324492979719,0.5152487976131349,0.8141025641025641
char + LogReg,norm/default,0.8857347209100326,0.9642281008175048,0.06635021893524316,0.7810650887573964,0.8461538461538461,0.8123076923076923,0.9538461538461539,0.3974358974358974,0.5610859728506787,0.8200589970501475,0.4420652027114237,0.8301282051282052
char + LogReg,norm/tuned,0.8936768512232712,0.9647921063483977,0.07414981598507427,0.7567567567567568,0.8974358974358975,0.8211143695014663,0.9595959595959596,0.30448717948717946,0.46228710462287104,0.8245877061469266,0.5208670547747469,0.8333333333333334
char + LinearSVM,raw/default,0.8731382261938572,0.9597797346141718,0.06632081604116086,0.7909967845659164,0.7884615384615384,0.7897271268057785,0.9121621621621622,0.4326923076923077,0.5869565217391305,0.8061068702290077,0.4111698323518988,0.7756410256410257
char + LinearSVM,norm/default,0.8834514369436552,0.9625755039662325,0.06334408278280954,0.8090614886731392,0.8012820512820513,0.8051529790660226,0.9251700680272109,0.4358974358974359,0.5925925925925926,0.8214804063860668,0.32989167130805325,0.8269230769230769
char + LinearSVM,norm/tuned,0.893051668366649,0.9657412124299543,0.060731427787523225,0.8152866242038217,0.8205128205128205,0.8178913738019169,0.9407894736842105,0.4583333333333333,0.6163793103448276,0.821256038647343,0.51195328369462,0.8333333333333334
word + MultinomialNB,raw/default,0.8267254088590184,0.9252419765664799,0.08585680658324718,0.7540983606557377,0.7371794871794872,0.7455429497568882,0.8882978723404256,0.5352564102564102,0.668,0.7636932707355243,0.44395406070330135,0.7051282051282052
word + MultinomialNB,norm/default,0.8390181404564995,0.934199354729156,0.08109855145805497,0.7605177993527508,0.7532051282051282,0.7568438003220612,0.8967391304347826,0.5288461538461539,0.6653225806451613,0.7623456790123456,0.4317091271308572,0.7115384615384616
word + MultinomialNB,norm/tuned,0.8342152886769281,0.9358489192926279,0.08700807149082421,0.7217391304347827,0.7980769230769231,0.7579908675799086,0.8660714285714286,0.6217948717948718,0.7238805970149254,0.7721518987341772,0.5965485926447789,0.7051282051282052
word + ComplementNB,raw/default,0.8012862269852008,0.9088615578681803,0.09221798407382341,0.7430555555555556,0.6858974358974359,0.7133333333333334,0.9318181818181818,0.3942307692307692,0.5540540540540541,0.7258320126782883,0.44767848452954195,0.6442307692307693
word + ComplementNB,norm/default,0.8243660581849143,0.9264518593988793,0.08906870339644281,0.7283950617283951,0.7564102564102564,0.7421383647798742,0.9444444444444444,0.4358974358974359,0.5964912280701754,0.7460035523978686,0.6744439615653242,0.6826923076923077
word + ComplementNB,norm/tuned,0.8342018277440287,0.9358428547170269,0.11923175075076721,0.6105032822757112,0.8942307692307693,0.7256176853055917,0.7956989247311828,0.7115384615384616,0.751269035532995,0.7721518987341772,0.8339896853484761,0.7051282051282052
word + LogReg,raw/default,0.8810273624864229,0.962305630351988,0.06898681866224242,0.7696793002915452,0.8461538461538461,0.8061068702290076,0.9387755102040817,0.4423076923076923,0.6013071895424836,0.8085758039816233,0.5034537739965589,0.8044871794871795
word + LogReg,norm/default,0.8925417325499743,0.9653561118792907,0.06615603507656372,0.7774566473988439,0.8621794871794872,0.817629179331307,0.9358974358974359,0.46794871794871795,0.6239316239316239,0.8184615384615386,0.5167563174750991,0.8076923076923077
word + LogReg,norm/tuned,0.8766606330696991,0.9601739320282366,0.06995215357344858,0.7714285714285715,0.8653846153846154,0.8157099697885196,0.8926174496644296,0.42628205128205127,0.5770065075921909,0.8176291793313071,0.5160586990304193,0.7980769230769231
word + LinearSVM,raw/default,0.8807715562686078,0.961577881279868,0.06579835257013263,0.7968253968253968,0.8044871794871795,0.8006379585326954,0.9197530864197531,0.4775641025641026,0.6286919831223629,0.8060150375939849,0.3589066982307875,0.7980769230769231
word + LinearSVM,norm/default,0.8931347336717717,0.9644282318123378,0.06281458549159985,0.8057324840764332,0.8108974358974359,0.8083067092651757,0.9259259259259259,0.4807692307692308,0.6329113924050633,0.8176470588235295,0.3221315008514273,0.8237179487179487
word + LinearSVM,norm/tuned,0.8899578262698845,0.9635276423355894,0.06448020638444756,0.794392523364486,0.8173076923076923,0.8056872037914692,0.93125,0.4775641025641026,0.6313559322033898,0.81203007518797,0.4007284714550485,0.8173076923076923
