keyword,docs_1,docs_0,coverage_1,coverage_0,precision
実施,111,156,0.3557692307692308,0.14758751182592242,0.4157303370786517
お願いいたします,106,147,0.33974358974358976,0.1390728476821192,0.4189723320158103
お願いします,82,48,0.26282051282051283,0.04541154210028382,0.6307692307692307
対応,76,97,0.24358974358974358,0.09176915799432356,0.4393063583815029
までに,45,20,0.14423076923076922,0.01892147587511826,0.6923076923076923
ご確認,43,49,0.13782051282051283,0.046357615894039736,0.4673913043478261
各自,34,3,0.10897435897435898,0.002838221381267739,0.918918918918919
注意,32,19,0.10256410256410256,0.017975402081362345,0.6274509803921569
申請,32,56,0.10256410256410256,0.052980132450331126,0.36363636363636365
期限,29,6,0.09294871794871795,0.005676442762535478,0.8285714285714286
提出,20,10,0.0641025641025641,0.00946073793755913,0.6666666666666666
登録,19,72,0.060897435897435896,0.06811731315042574,0.2087912087912088
期日,17,4,0.05448717948717949,0.003784295175023652,0.8095238095238095
回答,17,23,0.05448717948717949,0.021759697256385997,0.425
入力,10,16,0.03205128205128205,0.015137180700094607,0.38461538461538464
ご注意,9,5,0.028846153846153848,0.004730368968779565,0.6428571428571429
必ず,7,1,0.022435897435897436,0.000946073793755913,0.875
締切,5,1,0.016025641025641024,0.000946073793755913,0.8333333333333334
忘れず,1,0,0.003205128205128205,0.0,1.0
締め切り,0,1,0.0,0.000946073793755913,0.0
〆切,0,0,0.0,0.0,
