terms,K,PR-AUC,P@hit>=1,R@hit>=1,F1@hit>=1,bestF1,bestF1_hits,R@P>=0.8
content,5,0.6501318042123941,0.29980657640232106,0.9935897435897436,0.4606240713224368,0.689763779527559,3.0,0.08333333333333333
content,10,0.7045481764746038,0.2763507528786537,1.0,0.43303261623872313,0.7170953101361573,4.0,0.2948717948717949
content,20,0.6890028884732108,0.2659846547314578,1.0,0.4202020202020202,0.6544240400667779,6.0,0.358974358974359
content,50,0.7322764070848904,0.2508038585209003,1.0,0.40102827763496146,0.6944858420268256,8.0,0.5352564102564102
content,100,0.744504781257153,0.24280155642023346,1.0,0.3907326236693801,0.7026194144838213,11.0,0.5865384615384616
all,5,0.6103177013065116,0.41940298507462687,0.9006410256410257,0.5723014256619144,0.6232394366197183,3.0,0.21153846153846154
all,10,0.7091946490314877,0.3235294117647059,0.9871794871794872,0.4873417721518987,0.675531914893617,4.0,0.5256410256410257
all,20,0.7721812213494348,0.265531914893617,1.0,0.41963685272360457,0.7224435590969455,7.0,0.5993589743589743
all,50,0.8085927962135355,0.23708206686930092,1.0,0.3832923832923833,0.7473524962178518,18.0,0.5993589743589743
all,100,0.7822666632034909,0.23025830258302582,1.0,0.3743251349730054,0.7228177641653905,27.0,0.5865384615384616
