term,docs_1,docs_0,coverage_1,coverage_0,precision,z
channel,252,251,0.8076923076923077,0.23746452223273415,0.5009940357852882,16.17941035316473
ください,154,123,0.4935897435897436,0.11636707663197729,0.555956678700361,13.487602895964375
願い,205,267,0.657051282051282,0.25260170293282874,0.4343220338983051,12.505206151364607
し,269,522,0.8621794871794872,0.4938505203405866,0.34007585335018964,10.587219851585632
つい,114,108,0.36538461538461536,0.1021759697256386,0.5135135135135135,10.441458545807471
方,82,48,0.26282051282051283,0.04541154210028382,0.6307692307692307,10.292511355977627
以下,107,100,0.34294871794871795,0.0946073793755913,0.5169082125603864,10.125597515087023
月,111,131,0.3557692307692308,0.1239356669820246,0.45867768595041325,9.047800001420265
する,102,117,0.3269230769230769,0.11069063386944182,0.4657534246575342,8.766317805747187
よろしく,116,158,0.3717948717948718,0.14947965941343425,0.4233576642335766,8.35405505109037
おり,81,82,0.25961538461538464,0.07757805108798486,0.49693251533742333,8.270506925972237
いる,84,93,0.2692307692307692,0.0879848628192999,0.4745762711864407,8.009443413686139
実施,111,156,0.3557692307692308,0.14758751182592242,0.4157303370786517,7.918768645109277
皆,42,13,0.1346153846153846,0.01229895931882687,0.7636363636363637,7.811164873609468
疲れ,66,65,0.21153846153846154,0.06149479659413434,0.5038167938931297,7.4867909810021835
社員,45,26,0.14423076923076922,0.02459791863765374,0.6338028169014085,7.447248107959132
こと,71,77,0.22756410256410256,0.0728476821192053,0.4797297297297297,7.376698411670271
年,72,80,0.23076923076923078,0.07568590350047304,0.47368421052631576,7.323233029508095
内容,40,21,0.1282051282051282,0.019867549668874173,0.6557377049180327,7.150743850466979
場合,53,45,0.16987179487179488,0.04257332071901608,0.5408163265306123,7.140914696811913
協力,38,19,0.12179487179487179,0.017975402081362345,0.6666666666666666,7.028022715251397
木,40,23,0.1282051282051282,0.021759697256385997,0.6349206349206349,7.00594227947731
金,41,25,0.13141025641025642,0.023651844843897825,0.6212121212121212,6.991944494438281
メール,33,9,0.10576923076923077,0.008514664143803218,0.7857142857142857,6.9104221390708185
対応,76,97,0.24358974358974358,0.09176915799432356,0.4393063583815029,6.853248740861178
連絡,60,63,0.19230769230769232,0.059602649006622516,0.4878048780487805,6.852543504105923
いただき,58,59,0.1858974358974359,0.05581835383159887,0.49572649572649574,6.850823985465408
つき,34,14,0.10897435897435898,0.013245033112582781,0.7083333333333334,6.833315231491402
案内,32,9,0.10256410256410256,0.008514664143803218,0.7804878048780488,6.797758541960107
メンバー,34,15,0.10897435897435898,0.014191106906338695,0.6938775510204082,6.770561460640953
通知,32,11,0.10256410256410256,0.010406811731315043,0.7441860465116279,6.73705158665818
件,43,32,0.13782051282051283,0.030274361400189215,0.5733333333333334,6.73374435807896
以上,38,23,0.12179487179487179,0.021759697256385997,0.6229508196721312,6.73122220787764
日程,42,31,0.1346153846153846,0.0293282876064333,0.5753424657534246,6.670301337078935
いたし,136,256,0.4358974358974359,0.24219489120151372,0.3469387755102041,6.5516520814783545
必要,41,31,0.13141025641025642,0.0293282876064333,0.5694444444444444,6.527920205201876
日時,30,11,0.09615384615384616,0.010406811731315043,0.7317073170731707,6.482462788293578
URL,104,172,0.3333333333333333,0.16272469252601704,0.37681159420289856,6.476279808668176
程,29,9,0.09294871794871795,0.008514664143803218,0.7631578947368421,6.440604429865746
期限,29,6,0.09294871794871795,0.005676442762535478,0.8285714285714286,6.439647409813037
各自,34,3,0.10897435897435898,0.002838221381267739,0.918918918918919,6.406233998361486
ある,46,42,0.14743589743589744,0.039735099337748346,0.5227272727272727,6.399530843615958
確認,102,169,0.3269230769230769,0.1598864711447493,0.3763837638376384,6.385954355761215
調整,31,15,0.09935897435897435,0.014191106906338695,0.6739130434782609,6.358163964940586
なり,71,95,0.22756410256410256,0.08987701040681173,0.42771084337349397,6.350339915521506
さ,108,187,0.34615384615384615,0.17691579943235572,0.36610169491525424,6.2825757348756515
注意,32,19,0.10256410256410256,0.017975402081362345,0.6274509803921569,6.184619813547966
GroupSession,26,6,0.08333333333333333,0.005676442762535478,0.8125,6.110910349167091
ため,70,99,0.22435897435897437,0.09366130558183539,0.41420118343195267,6.005880021867511
会社,26,10,0.08333333333333333,0.00946073793755913,0.7222222222222222,5.994573700785799
上,22,5,0.07051282051282051,0.004730368968779565,0.8148148148148148,5.613741597758025
年度,27,17,0.08653846153846154,0.01608325449385052,0.6136363636363636,5.57568396188524
東京,29,22,0.09294871794871795,0.020813623462630087,0.5686274509803921,5.442101029513821
もの,41,47,0.13141025641025642,0.04446546830652791,0.4659090909090909,5.282971257396445
依頼,24,15,0.07692307692307693,0.014191106906338695,0.6153846153846154,5.25967168241611
時,52,71,0.16666666666666666,0.06717123935666983,0.42276422764227645,5.254099011258827
各位,32,1,0.10256410256410256,0.000946073793755913,0.9696969696969697,5.25399490513988
個人,25,17,0.08012820512820513,0.01608325449385052,0.5952380952380952,5.237103569608773
期間,19,4,0.060897435897435896,0.003784295175023652,0.8260869565217391,5.206228610579663
通り,28,23,0.08974358974358974,0.021759697256385997,0.5490196078431373,5.177941482788159
忙しい,20,9,0.0641025641025641,0.008514664143803218,0.6896551724137931,5.139963674416498
チャンネル,19,3,0.060897435897435896,0.002838221381267739,0.8636363636363636,5.128933528789999
期,44,56,0.14102564102564102,0.052980132450331126,0.44,5.086097493543571
提出,20,10,0.0641025641025641,0.00946073793755913,0.6666666666666666,5.048446064644338
頂き,18,6,0.057692307692307696,0.005676442762535478,0.75,5.032884398143206
時間,47,64,0.15064102564102563,0.06054872280037843,0.42342342342342343,4.986229247861116
関し,18,7,0.057692307692307696,0.006622516556291391,0.72,4.966275865420054
上記,36,41,0.11538461538461539,0.03878902554399243,0.4675324675324675,4.954904583904725
期日,17,4,0.05448717948717949,0.003784295175023652,0.8095238095238095,4.936467819257453
経管,17,4,0.05448717948717949,0.003784295175023652,0.8095238095238095,4.936467819257453
記載,22,15,0.07051282051282051,0.014191106906338695,0.5945945945945946,4.901939976304432
なっ,37,45,0.11858974358974358,0.04257332071901608,0.45121951219512196,4.801935618306936
関する,17,7,0.05448717948717949,0.006622516556291391,0.7083333333333334,4.793313608531293
目標,17,7,0.05448717948717949,0.006622516556291391,0.7083333333333334,4.793313608531293
なる,23,18,0.07371794871794872,0.017029328287606435,0.5609756097560976,4.774604812097291
参加,48,70,0.15384615384615385,0.06622516556291391,0.4067796610169492,4.740411821901522
AIC,37,46,0.11858974358974358,0.043519394512771994,0.4457831325301205,4.724419510792512
経営,16,6,0.05128205128205128,0.005676442762535478,0.7272727272727273,4.698140066304566
火,26,25,0.08333333333333333,0.023651844843897825,0.5098039215686274,4.627933848159987
行う,16,7,0.05128205128205128,0.006622516556291391,0.6956521739130435,4.611671024132811
できる,29,31,0.09294871794871795,0.0293282876064333,0.48333333333333334,4.61052638187628
いただける,15,5,0.04807692307692308,0.004730368968779565,0.75,4.593273935417382
掲載,15,5,0.04807692307692308,0.004730368968779565,0.75,4.593273935417382
あり,61,104,0.1955128205128205,0.09839167455061495,0.3696969696969697,4.568896409682308
致し,39,53,0.125,0.050141911069063384,0.42391304347826086,4.522251066705109
緊急,14,3,0.04487179487179487,0.002838221381267739,0.8235294117647058,4.478756844249938
思い,35,45,0.11217948717948718,0.04257332071901608,0.4375,4.47156591608509
留意,15,7,0.04807692307692308,0.006622516556291391,0.6818181818181818,4.4204477885811935
ID,14,5,0.04487179487179487,0.004730368968779565,0.7368421052631579,4.414449032086449
完了,44,66,0.14102564102564102,0.06244087038789026,0.4,4.401578573731753
でき,47,73,0.15064102564102563,0.06906338694418164,0.39166666666666666,4.400713982797338
Xpoint,16,9,0.05128205128205128,0.008514664143803218,0.64,4.3998233638650115
考え,16,9,0.05128205128205128,0.008514664143803218,0.64,4.3998233638650115
手数,23,22,0.07371794871794872,0.020813623462630087,0.5111111111111111,4.359036323332871
利用,60,106,0.19230769230769232,0.10028382213812677,0.3614457831325301,4.32780125862227
番号,13,3,0.041666666666666664,0.002838221381267739,0.8125,4.323320462011776
日本,13,3,0.041666666666666664,0.002838221381267739,0.8125,4.323320462011776
pdf,13,3,0.041666666666666664,0.002838221381267739,0.8125,4.323320462011776
人事,15,8,0.04807692307692308,0.007568590350047304,0.6521739130434783,4.310556667615585
所属,13,4,0.041666666666666664,0.003784295175023652,0.7647058823529411,4.297941119808548
申し上げ,16,1,0.05128205128205128,0.000946073793755913,0.9411764705882353,4.289056352715635
ぜひ,13,2,0.041666666666666664,0.001892147587511826,0.8666666666666667,4.259544469234326
本部,29,35,0.09294871794871795,0.033112582781456956,0.453125,4.254186082185349
分,33,44,0.10576923076923077,0.041627246925260174,0.42857142857142855,4.2103800404172915
場所,15,9,0.04807692307692308,0.008514664143803218,0.625,4.192368758785204
以降,20,18,0.0641025641025641,0.017029328287606435,0.5263157894736842,4.186094763075438
い,86,179,0.27564102564102566,0.1693472090823084,0.32452830188679244,4.152560827098658
押下,13,6,0.041666666666666664,0.005676442762535478,0.6842105263157895,4.122890192276004
スタンプ,12,2,0.038461538461538464,0.001892147587511826,0.8571428571428571,4.118069799872346
年末,12,4,0.038461538461538464,0.003784295175023652,0.75,4.111234100355148
発生,18,15,0.057692307692307696,0.014191106906338695,0.5454545454545454,4.110101121190129
会,53,93,0.16987179487179488,0.0879848628192999,0.363013698630137,4.075671071590821
知らせ,28,35,0.08974358974358974,0.033112582781456956,0.4444444444444444,4.071049764959419
ボタン,15,10,0.04807692307692308,0.00946073793755913,0.6,4.069098837530182
特に,13,7,0.041666666666666664,0.006622516556291391,0.65,4.004926500535063
アカウント,14,9,0.04487179487179487,0.008514664143803218,0.6086956521739131,3.974152200032287
提供,11,2,0.035256410256410256,0.001892147587511826,0.8461538461538461,3.965144302805362
yano,11,2,0.035256410256410256,0.001892147587511826,0.8461538461538461,3.965144302805362
届い,11,2,0.035256410256410256,0.001892147587511826,0.8461538461538461,3.965144302805362
事業,42,68,0.1346153846153846,0.06433301797540208,0.38181818181818183,3.960038140256855
行い,22,24,0.07051282051282051,0.02270577105014191,0.4782608695652174,3.953723112103914
アップデート,11,4,0.035256410256410256,0.003784295175023652,0.7333333333333333,3.9105627281581596
対象,33,48,0.10576923076923077,0.04541154210028382,0.4074074074074074,3.8967826898266793
より,13,8,0.041666666666666664,0.007568590350047304,0.6190476190476191,3.8772277712019787
状態,19,19,0.060897435897435896,0.017975402081362345,0.5,3.864294704675727
JBD,69,139,0.22115384615384615,0.1315042573320719,0.3317307692307692,3.8571793139359576
懇親,11,5,0.035256410256410256,0.004730368968779565,0.6875,3.8040649109684925
ステーション,10,2,0.03205128205128205,0.001892147587511826,0.8333333333333334,3.798775485275094
ストレス,10,2,0.03205128205128205,0.001892147587511826,0.8333333333333334,3.798775485275094
東,10,2,0.03205128205128205,0.001892147587511826,0.8333333333333334,3.798775485275094
保険,10,3,0.03205128205128205,0.002838221381267739,0.7692307692307693,3.7820878552264827
イン,19,20,0.060897435897435896,0.01892147587511826,0.48717948717948717,3.7525511648967234
行っ,13,9,0.041666666666666664,0.008514664143803218,0.5909090909090909,3.744042772421499
記入,13,9,0.041666666666666664,0.008514664143803218,0.5909090909090909,3.744042772421499
コピー,10,4,0.03205128205128205,0.003784295175023652,0.7142857142857143,3.6937438487946075
連携,11,6,0.035256410256410256,0.005676442762535478,0.6470588235294118,3.6759173665700824
添付,11,6,0.035256410256410256,0.005676442762535478,0.6470588235294118,3.6759173665700824
工事,10,1,0.03205128205128205,0.000946073793755913,0.9090909090909091,3.6519263688980415
給与,9,2,0.028846153846153848,0.001892147587511826,0.8181818181818182,3.616421849166518
ナス,9,2,0.028846153846153848,0.001892147587511826,0.8181818181818182,3.616421849166518
全社,10,5,0.03205128205128205,0.004730368968779565,0.6666666666666666,3.569965624394359
新入,10,5,0.03205128205128205,0.004730368968779565,0.6666666666666666,3.569965624394359
メンテ,10,5,0.03205128205128205,0.004730368968779565,0.6666666666666666,3.569965624394359
押し,9,3,0.028846153846153848,0.002838221381267739,0.75,3.5694152893313
ソフトウェア,9,3,0.028846153846153848,0.002838221381267739,0.75,3.5694152893313
リアクション,9,3,0.028846153846153848,0.002838221381267739,0.75,3.5694152893313
交通,9,3,0.028846153846153848,0.002838221381267739,0.75,3.5694152893313
ISMS,9,3,0.028846153846153848,0.002838221381267739,0.75,3.5694152893313
自身,9,3,0.028846153846153848,0.002838221381267739,0.75,3.5694152893313
方法,27,39,0.08653846153846154,0.036896877956480605,0.4090909090909091,3.5367112062783788
ログ,19,22,0.060897435897435896,0.020813623462630087,0.4634146341463415,3.5326003400673125
人,19,22,0.060897435897435896,0.020813623462630087,0.4634146341463415,3.5326003400673125
了承,9,1,0.028846153846153848,0.000946073793755913,0.9,3.5109438308402834
あわせ,9,1,0.028846153846153848,0.000946073793755913,0.9,3.5109438308402834
元,9,1,0.028846153846153848,0.000946073793755913,0.9,3.5109438308402834
ラーニング,9,1,0.028846153846153848,0.000946073793755913,0.9,3.5109438308402834
GS,12,9,0.038461538461538464,0.008514664143803218,0.5714285714285714,3.500733592573524
サービス,29,44,0.09294871794871795,0.041627246925260174,0.3972602739726027,3.4969132549002113
スレッド,9,4,0.028846153846153848,0.003784295175023652,0.6923076923076923,3.458065352545736
ロッカー,9,4,0.028846153846153848,0.003784295175023652,0.6923076923076923,3.458065352545736
定時,9,4,0.028846153846153848,0.003784295175023652,0.6923076923076923,3.458065352545736
all,22,29,0.07051282051282051,0.027436140018921477,0.43137254901960786,3.4531166462214715
bowing,27,40,0.08653846153846154,0.03784295175023652,0.40298507462686567,3.4520160269166227
幸い,14,13,0.04487179487179487,0.01229895931882687,0.5185185185185185,3.449145601710794
いただい,15,15,0.04807692307692308,0.014191106906338695,0.5,3.4338672472570986
かけ,35,59,0.11217948717948718,0.05581835383159887,0.3723404255319149,3.431077256472116
伴い,10,6,0.03205128205128205,0.005676442762535478,0.625,3.428098678946973
久保,8,2,0.02564102564102564,0.001892147587511826,0.8,3.414776481904806
監査,8,2,0.02564102564102564,0.001892147587511826,0.8,3.414776481904806
恐れ入り,8,2,0.02564102564102564,0.001892147587511826,0.8,3.414776481904806
届き,8,2,0.02564102564102564,0.001892147587511826,0.8,3.414776481904806
クリック,8,2,0.02564102564102564,0.001892147587511826,0.8,3.414776481904806
際,24,34,0.07692307692307693,0.03216650898770104,0.41379310344827586,3.3910885519242746
来,11,8,0.035256410256410256,0.007568590350047304,0.5789473684210527,3.3905697064011333
前,23,32,0.07371794871794872,0.030274361400189215,0.41818181818181815,3.373046755258736
標記,17,0,0.05448717948717949,0.0,1.0,3.364256591883723
組織,21,28,0.0673076923076923,0.026490066225165563,0.42857142857142855,3.341534907802128
よっ,8,3,0.02564102564102564,0.002838221381267739,0.7272727272727273,3.335450775688842
部署,8,3,0.02564102564102564,0.002838221381267739,0.7272727272727273,3.335450775688842
今年,8,3,0.02564102564102564,0.002838221381267739,0.7272727272727273,3.335450775688842
研修,14,14,0.04487179487179487,0.013245033112582781,0.5,3.318514204529563
用意,9,5,0.028846153846153848,0.004730368968779565,0.6428571428571429,3.316529991721573
以前,9,5,0.028846153846153848,0.004730368968779565,0.6428571428571429,3.316529991721573
希望,10,7,0.03205128205128205,0.006622516556291391,0.5882352941176471,3.277377692615754
Mattermost,12,11,0.038461538461538464,0.010406811731315043,0.5217391304347826,3.2167803888760704
回,12,11,0.038461538461538464,0.010406811731315043,0.5217391304347826,3.2167803888760704
下さい,8,4,0.02564102564102564,0.003784295175023652,0.6666666666666666,3.200106890576296
ダウンロード,8,4,0.02564102564102564,0.003784295175023652,0.6666666666666666,3.200106890576296
次第,13,13,0.041666666666666664,0.01229895931882687,0.5,3.1994028971680586
影響,14,15,0.04487179487179487,0.014191106906338695,0.4827586206896552,3.1894103043559894
チェック,16,19,0.05128205128205128,0.017975402081362345,0.45714285714285713,3.186800659436163
先,15,17,0.04807692307692308,0.01608325449385052,0.46875,3.185569492137871
別途,9,6,0.028846153846153848,0.005676442762535478,0.6,3.1608331226733837
申請,32,56,0.10256410256410256,0.052980132450331126,0.36363636363636365,3.125148981797341
恐縮,10,8,0.03205128205128205,0.007568590350047304,0.5555555555555556,3.123042756713925
うえ,10,8,0.03205128205128205,0.007568590350047304,0.5555555555555556,3.123042756713925
アンケート,10,8,0.03205128205128205,0.007568590350047304,0.5555555555555556,3.123042756713925
掲示,12,0,0.038461538461538464,0.0,1.0,3.1011200268126613
以外,11,10,0.035256410256410256,0.00946073793755913,0.5238095238095238,3.09474397496387
数,11,10,0.035256410256410256,0.00946073793755913,0.5238095238095238,3.09474397496387
いただく,11,10,0.035256410256410256,0.00946073793755913,0.5238095238095238,3.09474397496387
AIS,11,10,0.035256410256410256,0.00946073793755913,0.5238095238095238,3.09474397496387
ビジネス,31,54,0.09935897435897435,0.0510879848628193,0.36470588235294116,3.092508136777165
現在,17,22,0.05448717948717949,0.020813623462630087,0.4358974358974359,3.080548634176977
紹介,7,3,0.022435897435897436,0.002838221381267739,0.7,3.0756817017115448
アドレス,7,3,0.022435897435897436,0.002838221381267739,0.7,3.0756817017115448
範囲,7,3,0.022435897435897436,0.002838221381267739,0.7,3.0756817017115448
バージョン,16,20,0.05128205128205128,0.01892147587511826,0.4444444444444444,3.0704920242935634
部,32,57,0.10256410256410256,0.05392620624408704,0.3595505617977528,3.053471868854922
ねがい,8,5,0.02564102564102564,0.004730368968779565,0.6153846153846154,3.0404700437119208
書類,8,5,0.02564102564102564,0.004730368968779565,0.6153846153846154,3.0404700437119208
開催,19,27,0.060897435897435896,0.02554399243140965,0.41304347826086957,3.0068903784271424
次回,9,7,0.028846153846153848,0.006622516556291391,0.5625,2.999299189168091
jbdtkfs,22,34,0.07051282051282051,0.03216650898770104,0.39285714285714285,2.981689220817857
回答,17,23,0.05448717948717949,0.021759697256385997,0.425,2.970599720627469
サイト,10,9,0.03205128205128205,0.008514664143803218,0.5263157894736842,2.968183798049771
なし,10,9,0.03205128205128205,0.008514664143803218,0.5263157894736842,2.968183798049771
中,10,9,0.03205128205128205,0.008514664143803218,0.5263157894736842,2.968183798049771
よる,16,21,0.05128205128205128,0.019867549668874173,0.43243243243243246,2.956022506446885
スケジュール,11,11,0.035256410256410256,0.010406811731315043,0.5,2.9480628714847064
入れ,11,11,0.035256410256410256,0.010406811731315043,0.5,2.9480628714847064
追加,14,17,0.04487179487179487,0.01608325449385052,0.45161290322580644,2.9369355695598767
担当,13,15,0.041666666666666664,0.014191106906338695,0.4642857142857143,2.9341147553161173
終了,20,30,0.0641025641025641,0.02838221381267739,0.4,2.93025784524635
直接,7,4,0.022435897435897436,0.003784295175023652,0.6363636363636364,2.915480491489266
健康,7,4,0.022435897435897436,0.003784295175023652,0.6363636363636364,2.915480491489266
旅行,8,6,0.02564102564102564,0.005676442762535478,0.5714285714285714,2.871016091199932
すべて,8,6,0.02564102564102564,0.005676442762535478,0.5714285714285714,2.871016091199932
おけ,8,6,0.02564102564102564,0.005676442762535478,0.5714285714285714,2.871016091199932
興味,8,6,0.02564102564102564,0.005676442762535478,0.5714285714285714,2.871016091199932
収集,8,6,0.02564102564102564,0.005676442762535478,0.5714285714285714,2.871016091199932
新しい,8,6,0.02564102564102564,0.005676442762535478,0.5714285714285714,2.871016091199932
sumi,16,22,0.05128205128205128,0.020813623462630087,0.42105263157894735,2.843435097631701
程度,9,8,0.028846153846153848,0.007568590350047304,0.5294117647058824,2.8365133503608746
なく,14,18,0.04487179487179487,0.017029328287606435,0.4375,2.8139094027714657
共有,38,76,0.12179487179487179,0.07190160832544938,0.3333333333333333,2.8101358665506817
出,13,16,0.041666666666666664,0.015137180700094607,0.4482758620689655,2.8048138577134187
作成,34,66,0.10897435897435898,0.06244087038789026,0.34,2.7825174076371817
本社,18,27,0.057692307692307696,0.02554399243140965,0.4,2.7807395651538775
送信,7,5,0.022435897435897436,0.004730368968779565,0.5833333333333334,2.7376379830255058
当日,7,5,0.022435897435897436,0.004730368968779565,0.5833333333333334,2.7376379830255058
e,7,5,0.022435897435897436,0.004730368968779565,0.5833333333333334,2.7376379830255058
いただけれ,7,5,0.022435897435897436,0.004730368968779565,0.5833333333333334,2.7376379830255058
オフィス,7,5,0.022435897435897436,0.004730368968779565,0.5833333333333334,2.7376379830255058
タイム,7,5,0.022435897435897436,0.004730368968779565,0.5833333333333334,2.7376379830255058
名前,7,5,0.022435897435897436,0.004730368968779565,0.5833333333333334,2.7376379830255058
使用,16,23,0.05128205128205128,0.021759697256385997,0.41025641025641024,2.7327504071255664
水,16,23,0.05128205128205128,0.021759697256385997,0.41025641025641024,2.7327504071255664
発行,8,7,0.02564102564102564,0.006622516556291391,0.5333333333333333,2.699014290418724
返信,8,7,0.02564102564102564,0.006622516556291391,0.5333333333333333,2.699014290418724
役員,8,7,0.02564102564102564,0.006622516556291391,0.5333333333333333,2.699014290418724
確定,9,9,0.028846153846153848,0.008514664143803218,0.5,2.67508003778344
ござい,50,111,0.16025641025641027,0.10501419110690634,0.3105590062111801,2.6742681310546366
先ほど,10,11,0.03205128205128205,0.010406811731315043,0.47619047619047616,2.6635917159318763
改めて,10,11,0.03205128205128205,0.010406811731315043,0.47619047619047616,2.6635917159318763
残業,6,4,0.019230769230769232,0.003784295175023652,0.6,2.5984460749006635
引き続き,6,4,0.019230769230769232,0.003784295175023652,0.6,2.5984460749006635
向上,6,4,0.019230769230769232,0.003784295175023652,0.6,2.5984460749006635
設定,31,61,0.09935897435897435,0.05771050141911069,0.33695652173913043,2.59555084048971
woman,14,20,0.04487179487179487,0.01892147587511826,0.4117647058823529,2.5746946383758846
アクセス,14,20,0.04487179487179487,0.01892147587511826,0.4117647058823529,2.5746946383758846
マスタ,7,6,0.022435897435897436,0.005676442762535478,0.5384615384615384,2.554792932180003
検証,7,6,0.022435897435897436,0.005676442762535478,0.5384615384615384,2.554792932180003
反映,7,6,0.022435897435897436,0.005676442762535478,0.5384615384615384,2.554792932180003
今週,7,6,0.022435897435897436,0.005676442762535478,0.5384615384615384,2.554792932180003
BP,13,18,0.041666666666666664,0.017029328287606435,0.41935483870967744,2.553666479944851
管理,47,105,0.15064102564102563,0.09933774834437085,0.3092105263157895,2.5503683838503832
おい,11,14,0.035256410256410256,0.013245033112582781,0.44,2.5228567816565004
リンク,9,10,0.028846153846153848,0.00946073793755913,0.47368421052631576,2.516490027470988
外部,9,10,0.028846153846153848,0.00946073793755913,0.47368421052631576,2.516490027470988
再度,9,10,0.028846153846153848,0.00946073793755913,0.47368421052631576,2.516490027470988
ライン,9,10,0.028846153846153848,0.00946073793755913,0.47368421052631576,2.516490027470988
グループ,10,12,0.03205128205128205,0.011352885525070956,0.45454545454545453,2.515645919775932
理解,10,12,0.03205128205128205,0.011352885525070956,0.45454545454545453,2.515645919775932
目的,14,21,0.04487179487179487,0.019867549668874173,0.4,2.4585569095219255
定期,6,5,0.019230769230769232,0.004730368968779565,0.5454545454545454,2.402717706043305
是非,6,5,0.019230769230769232,0.004730368968779565,0.5454545454545454,2.402717706043305
都合,11,15,0.035256410256410256,0.014191106906338695,0.4230769230769231,2.3872137774772493
問い合わせ,7,7,0.022435897435897436,0.006622516556291391,0.5,2.37298046031365
毎日,7,7,0.022435897435897436,0.006622516556291391,0.5,2.37298046031365
最終,7,7,0.022435897435897436,0.006622516556291391,0.5,2.37298046031365
予約,10,13,0.03205128205128205,0.01229895931882687,0.43478260869565216,2.371199125524294
き,10,13,0.03205128205128205,0.01229895931882687,0.43478260869565216,2.371199125524294
交換,10,13,0.03205128205128205,0.01229895931882687,0.43478260869565216,2.371199125524294
決定,9,11,0.028846153846153848,0.010406811731315043,0.45,2.361581102178467
量,8,9,0.02564102564102564,0.008514664143803218,0.47058823529411764,2.360927314298302
まま,8,9,0.02564102564102564,0.008514664143803218,0.47058823529411764,2.360927314298302
発表,8,9,0.02564102564102564,0.008514664143803218,0.47058823529411764,2.360927314298302
Zaion,8,9,0.02564102564102564,0.008514664143803218,0.47058823529411764,2.360927314298302
下記,46,106,0.14743589743589744,0.10028382213812677,0.3026315789473684,2.349806884162953
社内,33,70,0.10576923076923077,0.06622516556291391,0.32038834951456313,2.349561578165681
あれ,19,34,0.060897435897435896,0.03216650898770104,0.3584905660377358,2.3322272076209947
ない,23,44,0.07371794871794872,0.041627246925260174,0.34328358208955223,2.3315808107055798
度,13,20,0.041666666666666664,0.01892147587511826,0.3939393939393939,2.312787111812893
点,16,27,0.05128205128205128,0.02554399243140965,0.37209302325581395,2.3089356191716233
企画,12,18,0.038461538461538464,0.017029328287606435,0.4,2.282603440140459
一,15,25,0.04807692307692308,0.023651844843897825,0.375,2.270835175231845
宮林,11,16,0.035256410256410256,0.015137180700094607,0.4074074074074074,2.2548392872060163
知ら,11,16,0.035256410256410256,0.015137180700094607,0.4074074074074074,2.2548392872060163
ところ,16,28,0.05128205128205128,0.026490066225165563,0.36363636363636365,2.2076038997851075
役割,6,6,0.019230769230769232,0.005676442762535478,0.5,2.2073185421897867
セミナー,6,6,0.019230769230769232,0.005676442762535478,0.5,2.2073185421897867
思っ,6,6,0.019230769230769232,0.005676442762535478,0.5,2.2073185421897867
自分,8,10,0.02564102564102564,0.00946073793755913,0.4444444444444444,2.1979768738438135
円,8,10,0.02564102564102564,0.00946073793755913,0.4444444444444444,2.1979768738438135
査定,8,10,0.02564102564102564,0.00946073793755913,0.4444444444444444,2.1979768738438135
man,13,21,0.041666666666666664,0.019867549668874173,0.38235294117647056,2.1961913452127084
選択,7,8,0.022435897435897436,0.007568590350047304,0.4666666666666667,2.1951716870382243
フォルダ,15,26,0.04807692307692308,0.02459791863765374,0.36585365853658536,2.1657426049531554
削除,11,17,0.035256410256410256,0.01608325449385052,0.39285714285714285,2.125747268292549
今,14,24,0.04487179487179487,0.02270577105014191,0.3684210526315789,2.1238641164426544
切替,10,15,0.03205128205128205,0.014191106906338695,0.4,2.0934463978039735
業務,30,66,0.09615384615384616,0.06244087038789026,0.3125,2.0802386791898857
内部,9,13,0.028846153846153848,0.01229895931882687,0.4090909090909091,2.064338005676529
あっ,8,11,0.02564102564102564,0.010406811731315043,0.42105263157894735,2.0399726164128635
予測,5,5,0.016025641025641024,0.004730368968779565,0.5,2.0287794317531347
ビル,5,5,0.016025641025641024,0.004730368968779565,0.5,2.0287794317531347
勤怠,5,5,0.016025641025641024,0.004730368968779565,0.5,2.0287794317531347
リリース,5,5,0.016025641025641024,0.004730368968779565,0.5,2.0287794317531347
金額,5,5,0.016025641025641024,0.004730368968779565,0.5,2.0287794317531347
該当,5,5,0.016025641025641024,0.004730368968779565,0.5,2.0287794317531347
親睦,5,5,0.016025641025641024,0.004730368968779565,0.5,2.0287794317531347
対処,5,5,0.016025641025641024,0.004730368968779565,0.5,2.0287794317531347
名古屋,5,5,0.016025641025641024,0.004730368968779565,0.5,2.0287794317531347
変更,40,95,0.1282051282051282,0.08987701040681173,0.2962962962962963,2.0236153243266948
関係,7,9,0.022435897435897436,0.008514664143803218,0.4375,2.0227989891657954
まだ,7,9,0.022435897435897436,0.008514664143803218,0.4375,2.0227989891657954
そう,7,9,0.022435897435897436,0.008514664143803218,0.4375,2.0227989891657954
開始,26,56,0.08333333333333333,0.052980132450331126,0.3170731707317073,2.019741831864761
切り替え,6,7,0.019230769230769232,0.006622516556291391,0.46153846153846156,2.0168288390869953
検討,14,25,0.04487179487179487,0.023651844843897825,0.358974358974359,2.01675192487846
ファイル,18,35,0.057692307692307696,0.033112582781456956,0.33962264150943394,2.015015810739801
矢野,21,43,0.0673076923076923,0.04068117313150426,0.328125,1.995041252944808
入力,10,16,0.03205128205128205,0.015137180700094607,0.38461538461538464,1.9602028655145298
待ち,9,14,0.028846153846153848,0.013245033112582781,0.391304347826087,1.9222549163192422
ツール,9,14,0.028846153846153848,0.013245033112582781,0.391304347826087,1.9222549163192422
システム,29,66,0.09294871794871795,0.06244087038789026,0.30526315789473685,1.899306648639462
オン,8,12,0.02564102564102564,0.011352885525070956,0.4,1.8871155041990524
公開,8,12,0.02564102564102564,0.011352885525070956,0.4,1.8871155041990524
今後,11,19,0.035256410256410256,0.017975402081362345,0.36666666666666664,1.8772592333203924
詳細,20,42,0.0641025641025641,0.039735099337748346,0.3225806451612903,1.8615336205178825
表示,13,24,0.041666666666666664,0.02270577105014191,0.35135135135135137,1.861289954167826
jbd,7,10,0.022435897435897436,0.00946073793755913,0.4117647058823529,1.8564824980573744
掃除,6,8,0.019230769230769232,0.007568590350047304,0.42857142857142855,1.8332215080621812
不明,6,8,0.019230769230769232,0.007568590350047304,0.42857142857142855,1.8332215080621812
マニュアル,6,8,0.019230769230769232,0.007568590350047304,0.42857142857142855,1.8332215080621812
しれ,6,8,0.019230769230769232,0.007568590350047304,0.42857142857142855,1.8332215080621812
認識,6,8,0.019230769230769232,0.007568590350047304,0.42857142857142855,1.8332215080621812
現状,6,8,0.019230769230769232,0.007568590350047304,0.42857142857142855,1.8332215080621812
コード,10,17,0.03205128205128205,0.01608325449385052,0.37037037037037035,1.8306530286854252
庶務,5,6,0.016025641025641024,0.005676442762535478,0.45454545454545453,1.8224315589634448
L,5,6,0.016025641025641024,0.005676442762535478,0.45454545454545453,1.8224315589634448
やり,5,6,0.016025641025641024,0.005676442762535478,0.45454545454545453,1.8224315589634448
正確,5,6,0.016025641025641024,0.005676442762535478,0.45454545454545453,1.8224315589634448
客,5,6,0.016025641025641024,0.005676442762535478,0.45454545454545453,1.8224315589634448
生成,5,6,0.016025641025641024,0.005676442762535478,0.45454545454545453,1.8224315589634448
判断,5,6,0.016025641025641024,0.005676442762535478,0.45454545454545453,1.8224315589634448
停止,18,38,0.057692307692307696,0.03595080416272469,0.32142857142857145,1.7516626515054627
事項,8,13,0.02564102564102564,0.01229895931882687,0.38095238095238093,1.7394163487120313
他,16,33,0.05128205128205128,0.03122043519394513,0.32653061224489793,1.7269204880570248
迷惑,15,31,0.04807692307692308,0.0293282876064333,0.32608695652173914,1.6689667145510763
回収,6,9,0.019230769230769232,0.008514664143803218,0.4,1.657223017913067
今回,6,9,0.019230769230769232,0.008514664143803218,0.4,1.657223017913067
コマンド,9,16,0.028846153846153848,0.015137180700094607,0.36,1.650984433922719
修正,9,16,0.028846153846153848,0.015137180700094607,0.36,1.650984433922719
研究,23,53,0.07371794871794872,0.050141911069063384,0.3026315789473684,1.6441401666682127
ドキュメント,5,7,0.016025641025641024,0.006622516556291391,0.4166666666666667,1.6251396059104204
計測,5,7,0.016025641025641024,0.006622516556291391,0.4166666666666667,1.6251396059104204
OFF,5,7,0.016025641025641024,0.006622516556291391,0.4166666666666667,1.6251396059104204
向け,5,7,0.016025641025641024,0.006622516556291391,0.4166666666666667,1.6251396059104204
制限,5,7,0.016025641025641024,0.006622516556291391,0.4166666666666667,1.6251396059104204
電子,5,7,0.016025641025641024,0.006622516556291391,0.4166666666666667,1.6251396059104204
渡し,5,7,0.016025641025641024,0.006622516556291391,0.4166666666666667,1.6251396059104204
サポート,5,7,0.016025641025641024,0.006622516556291391,0.4166666666666667,1.6251396059104204
横,5,7,0.016025641025641024,0.006622516556291391,0.4166666666666667,1.6251396059104204
渡辺,8,14,0.02564102564102564,0.013245033112582781,0.36363636363636365,1.5967746670725904
セキュリティ,18,40,0.057692307692307696,0.03784295175023652,0.3103448275862069,1.5826386037916769
プロジェクト,37,95,0.11858974358974358,0.08987701040681173,0.2803030303030303,1.5462726062547194
いう,11,22,0.035256410256410256,0.020813623462630087,0.3333333333333333,1.5276173322663833
参考,11,22,0.035256410256410256,0.020813623462630087,0.3333333333333333,1.5276173322663833
AIB,9,17,0.028846153846153848,0.01608325449385052,0.34615384615384615,1.521561003866681
AI,42,111,0.1346153846153846,0.10501419110690634,0.27450980392156865,1.4920677074540079
ユーザー,6,10,0.019230769230769232,0.00946073793755913,0.375,1.4889422572845143
ごろ,6,10,0.019230769230769232,0.00946073793755913,0.375,1.4889422572845143
可否,6,10,0.019230769230769232,0.00946073793755913,0.375,1.4889422572845143
教育,10,20,0.03205128205128205,0.01892147587511826,0.3333333333333333,1.4631642082076288
委員,8,15,0.02564102564102564,0.014191106906338695,0.34782608695652173,1.4590264238667172
マイ,5,8,0.016025641025641024,0.007568590350047304,0.38461538461538464,1.4377238191767285
証明,5,8,0.016025641025641024,0.007568590350047304,0.38461538461538464,1.4377238191767285
計画,5,8,0.016025641025641024,0.007568590350047304,0.38461538461538464,1.4377238191767285
個別,5,8,0.016025641025641024,0.007568590350047304,0.38461538461538464,1.4377238191767285
部分,5,8,0.016025641025641024,0.007568590350047304,0.38461538461538464,1.4377238191767285
伝え,5,8,0.016025641025641024,0.007568590350047304,0.38461538461538464,1.4377238191767285
良い,5,8,0.016025641025641024,0.007568590350047304,0.38461538461538464,1.4377238191767285
テーマ,5,8,0.016025641025641024,0.007568590350047304,0.38461538461538464,1.4377238191767285
少し,5,8,0.016025641025641024,0.007568590350047304,0.38461538461538464,1.4377238191767285
教え,5,8,0.016025641025641024,0.007568590350047304,0.38461538461538464,1.4377238191767285
知識,7,13,0.022435897435897436,0.01229895931882687,0.35,1.3945637999526532
OK,7,13,0.022435897435897436,0.01229895931882687,0.35,1.3945637999526532
切れ,4,6,0.01282051282051282,0.005676442762535478,0.4,1.3922358422290717
初回,4,6,0.01282051282051282,0.005676442762535478,0.4,1.3922358422290717
いく,4,6,0.01282051282051282,0.005676442762535478,0.4,1.3922358422290717
フロント,4,6,0.01282051282051282,0.005676442762535478,0.4,1.3922358422290717
端末,4,6,0.01282051282051282,0.005676442762535478,0.4,1.3922358422290717
PJ,4,6,0.01282051282051282,0.005676442762535478,0.4,1.3922358422290717
メンバ,4,6,0.01282051282051282,0.005676442762535478,0.4,1.3922358422290717
コメント,4,6,0.01282051282051282,0.005676442762535478,0.4,1.3922358422290717
頂い,4,6,0.01282051282051282,0.005676442762535478,0.4,1.3922358422290717
wiki,4,6,0.01282051282051282,0.005676442762535478,0.4,1.3922358422290717
保存,4,6,0.01282051282051282,0.005676442762535478,0.4,1.3922358422290717
営業,4,6,0.01282051282051282,0.005676442762535478,0.4,1.3922358422290717
配置,10,21,0.03205128205128205,0.019867549668874173,0.3225806451612903,1.3473198689249528
いただけ,10,21,0.03205128205128205,0.019867549668874173,0.3225806451612903,1.3473198689249528
原因,6,11,0.019230769230769232,0.010406811731315043,0.35294117647058826,1.3281807058747341
成果,6,11,0.019230769230769232,0.010406811731315043,0.35294117647058826,1.3281807058747341
処理,14,32,0.04487179487179487,0.030274361400189215,0.30434782608695654,1.3239192635861998
xlsx,9,19,0.028846153846153848,0.017975402081362345,0.32142857142857145,1.2743769106305152
承認,5,9,0.016025641025641024,0.008514664143803218,0.35714285714285715,1.2601152218509852
金曜,7,14,0.022435897435897436,0.013245033112582781,0.3333333333333333,1.252354466706722
購入,7,14,0.022435897435897436,0.013245033112582781,0.3333333333333333,1.252354466706722
データ,11,25,0.035256410256410256,0.023651844843897825,0.3055555555555556,1.203350361521327
昨日,4,7,0.01282051282051282,0.006622516556291391,0.36363636363636365,1.1912054710367943
体制,4,7,0.01282051282051282,0.006622516556291391,0.36363636363636365,1.1912054710367943
見る,4,7,0.01282051282051282,0.006622516556291391,0.36363636363636365,1.1912054710367943
F,4,7,0.01282051282051282,0.006622516556291391,0.36363636363636365,1.1912054710367943
支障,4,7,0.01282051282051282,0.006622516556291391,0.36363636363636365,1.1912054710367943
明日,18,45,0.057692307692307696,0.04257332071901608,0.2857142857142857,1.181190467474597
移動,6,12,0.019230769230769232,0.011352885525070956,0.3333333333333333,1.1745923062484658
おき,9,20,0.028846153846153848,0.01892147587511826,0.3103448275862069,1.1562868662527872
案件,10,23,0.03205128205128205,0.021759697256385997,0.30303030303030304,1.1248393897777282
案,7,15,0.022435897435897436,0.014191106906338695,0.3181818181818182,1.1155745336304121
しまっ,7,15,0.022435897435897436,0.014191106906338695,0.3181818181818182,1.1155745336304121
しまう,5,10,0.016025641025641024,0.00946073793755913,0.3333333333333333,1.0918597121785845
時点,5,10,0.016025641025641024,0.00946073793755913,0.3333333333333333,1.0918597121785845
出来,5,10,0.016025641025641024,0.00946073793755913,0.3333333333333333,1.0918597121785845
Web,6,13,0.019230769230769232,0.01229895931882687,0.3157894736842105,1.027768139333047
見,6,13,0.019230769230769232,0.01229895931882687,0.3157894736842105,1.027768139333047
まとめ,6,13,0.019230769230769232,0.01229895931882687,0.3157894736842105,1.027768139333047
シート,6,13,0.019230769230769232,0.01229895931882687,0.3157894736842105,1.027768139333047
想定,4,8,0.01282051282051282,0.007568590350047304,0.3333333333333333,1.0030502367466163
操作,4,8,0.01282051282051282,0.007568590350047304,0.3333333333333333,1.0030502367466163
太田,4,8,0.01282051282051282,0.007568590350047304,0.3333333333333333,1.0030502367466163
責任,4,8,0.01282051282051282,0.007568590350047304,0.3333333333333333,1.0030502367466163
水曜,4,8,0.01282051282051282,0.007568590350047304,0.3333333333333333,1.0030502367466163
午前,4,8,0.01282051282051282,0.007568590350047304,0.3333333333333333,1.0030502367466163
出社,13,33,0.041666666666666664,0.03122043519394513,0.2826086956521739,0.9756582660508395
大阪,14,36,0.04487179487179487,0.03405865657521287,0.28,0.9677742574763163
調査,5,11,0.016025641025641024,0.010406811731315043,0.3125,0.9323519200501714
NG,5,11,0.016025641025641024,0.010406811731315043,0.3125,0.9323519200501714
電源,5,11,0.016025641025641024,0.010406811731315043,0.3125,0.9323519200501714
面談,5,11,0.016025641025641024,0.010406811731315043,0.3125,0.9323519200501714
作業,37,107,0.11858974358974358,0.10122989593188268,0.2569444444444444,0.9188083561986586
ネットワーク,6,14,0.019230769230769232,0.013245033112582781,0.3,0.887281780984823
機,4,9,0.01282051282051282,0.008514664143803218,0.3076923076923077,0.8268195669640258
各種,4,9,0.01282051282051282,0.008514664143803218,0.3076923076923077,0.8268195669640258
遠藤,4,9,0.01282051282051282,0.008514664143803218,0.3076923076923077,0.8268195669640258
忘れ,4,9,0.01282051282051282,0.008514664143803218,0.3076923076923077,0.8268195669640258
事前,4,9,0.01282051282051282,0.008514664143803218,0.3076923076923077,0.8268195669640258
on,5,12,0.016025641025641024,0.011352885525070956,0.29411764705882354,0.7809465882928117
スキル,5,12,0.016025641025641024,0.011352885525070956,0.29411764705882354,0.7809465882928117
使っ,5,12,0.016025641025641024,0.011352885525070956,0.29411764705882354,0.7809465882928117
しよう,5,12,0.016025641025641024,0.011352885525070956,0.29411764705882354,0.7809465882928117
録画,6,15,0.019230769230769232,0.014191106906338695,0.2857142857142857,0.7527134195679064
認証,7,18,0.022435897435897436,0.017029328287606435,0.28,0.7348477237351311
み,11,30,0.035256410256410256,0.02838221381267739,0.2682926829268293,0.7119416587381172
OS,3,7,0.009615384615384616,0.006622516556291391,0.3,0.7069634670193898
出力,3,7,0.009615384615384616,0.006622516556291391,0.3,0.7069634670193898
終日,3,7,0.009615384615384616,0.006622516556291391,0.3,0.7069634670193898
技術,3,7,0.009615384615384616,0.006622516556291391,0.3,0.7069634670193898
WEB,3,7,0.009615384615384616,0.006622516556291391,0.3,0.7069634670193898
体調,3,7,0.009615384615384616,0.006622516556291391,0.3,0.7069634670193898
来週,4,10,0.01282051282051282,0.00946073793755913,0.2857142857142857,0.6614537586598441
五反田,4,10,0.01282051282051282,0.00946073793755913,0.2857142857142857,0.6614537586598441
付け,4,10,0.01282051282051282,0.00946073793755913,0.2857142857142857,0.6614537586598441
運用,5,13,0.016025641025641024,0.01229895931882687,0.2777777777777778,0.6370114679757429
別,5,13,0.016025641025641024,0.01229895931882687,0.2777777777777778,0.6370114679757429
寺岡,5,13,0.016025641025641024,0.01229895931882687,0.2777777777777778,0.6370114679757429
例,5,13,0.016025641025641024,0.01229895931882687,0.2777777777777778,0.6370114679757429
採用,6,16,0.019230769230769232,0.015137180700094607,0.2727272727272727,0.6236622383386632
どう,6,16,0.019230769230769232,0.015137180700094607,0.2727272727272727,0.6236622383386632
拠点,11,31,0.035256410256410256,0.0293282876064333,0.2619047619047619,0.6201798110084172
百合,7,19,0.022435897435897436,0.017975402081362345,0.2692307692307692,0.6168650153466706
基盤,18,54,0.057692307692307696,0.0510879848628193,0.25,0.5251908070416774
支援,3,8,0.009615384615384616,0.007568590350047304,0.2727272727272727,0.5228879802483525
参照,3,8,0.009615384615384616,0.007568590350047304,0.2727272727272727,0.5228879802483525
置い,3,8,0.009615384615384616,0.007568590350047304,0.2727272727272727,0.5228879802483525
テナント,3,8,0.009615384615384616,0.007568590350047304,0.2727272727272727,0.5228879802483525
記録,3,8,0.009615384615384616,0.007568590350047304,0.2727272727272727,0.5228879802483525
SDD,3,8,0.009615384615384616,0.007568590350047304,0.2727272727272727,0.5228879802483525
もらう,3,8,0.009615384615384616,0.007568590350047304,0.2727272727272727,0.5228879802483525
結果,9,26,0.028846153846153848,0.02459791863765374,0.2571428571428571,0.5147498568446031
共通,4,11,0.01282051282051282,0.010406811731315043,0.26666666666666666,0.5059220576043563
時刻,4,11,0.01282051282051282,0.010406811731315043,0.26666666666666666,0.5059220576043563
全員,4,11,0.01282051282051282,0.010406811731315043,0.26666666666666666,0.5059220576043563
UI,4,11,0.01282051282051282,0.010406811731315043,0.26666666666666666,0.5059220576043563
学習,4,11,0.01282051282051282,0.010406811731315043,0.26666666666666666,0.5059220576043563
実装,4,11,0.01282051282051282,0.010406811731315043,0.26666666666666666,0.5059220576043563
ストレージ,4,11,0.01282051282051282,0.010406811731315043,0.26666666666666666,0.5059220576043563
報告,7,20,0.022435897435897436,0.01892147587511826,0.25925925925925924,0.5029087310853432
西,5,14,0.016025641025641024,0.013245033112582781,0.2631578947368421,0.49995129769884167
項目,6,18,0.019230769230769232,0.017029328287606435,0.25,0.38063431049105084
投稿,5,15,0.016025641025641024,0.014191106906338695,0.25,0.36921721694366444
使い,5,15,0.016025641025641024,0.014191106906338695,0.25,0.36921721694366444
全体,5,15,0.016025641025641024,0.014191106906338695,0.25,0.36921721694366444
後,4,12,0.01282051282051282,0.011352885525070956,0.25,0.3592748390881742
客先,4,12,0.01282051282051282,0.011352885525070956,0.25,0.3592748390881742
不可,4,12,0.01282051282051282,0.011352885525070956,0.25,0.3592748390881742
デザイン,3,9,0.009615384615384616,0.008514664143803218,0.25,0.35256463423458734
契約,3,9,0.009615384615384616,0.008514664143803218,0.25,0.35256463423458734
朝,3,9,0.009615384615384616,0.008514664143803218,0.25,0.35256463423458734
今日,3,9,0.009615384615384616,0.008514664143803218,0.25,0.35256463423458734
名,14,44,0.04487179487179487,0.041627246925260174,0.2413793103448276,0.32653623646381974
ドメイン,8,25,0.02564102564102564,0.023651844843897825,0.24242424242424243,0.30507589588449346
改善,6,19,0.019230769230769232,0.017975402081362345,0.24,0.26598641464883555
活用,6,19,0.019230769230769232,0.017975402081362345,0.24,0.26598641464883555
アプリ,4,13,0.01282051282051282,0.01229895931882687,0.23529411764705882,0.22065869343738548
打合せ,4,13,0.01282051282051282,0.01229895931882687,0.23529411764705882,0.22065869343738548
メーリング,3,10,0.009615384615384616,0.00946073793755913,0.23076923076923078,0.19431559531203987
マップ,3,10,0.009615384615384616,0.00946073793755913,0.23076923076923078,0.19431559531203987
規程,3,10,0.009615384615384616,0.00946073793755913,0.23076923076923078,0.19431559531203987
関連,7,23,0.022435897435897436,0.021759697256385997,0.23333333333333334,0.1829027285262195
アップ,6,20,0.019230769230769232,0.01892147587511826,0.23076923076923078,0.15551244670738607
ほど,5,17,0.016025641025641024,0.01608325449385052,0.22727272727272727,0.12477268799468055
インストール,5,17,0.016025641025641024,0.01608325449385052,0.22727272727272727,0.12477268799468055
接続,14,47,0.04487179487179487,0.04446546830652791,0.22950819672131148,0.10694003574257205
有無,4,14,0.01282051282051282,0.013245033112582781,0.2222222222222222,0.08931557903947931
会議,18,61,0.057692307692307696,0.05771050141911069,0.22784810126582278,0.06476865642765808
文字,3,11,0.009615384615384616,0.010406811731315043,0.21428571428571427,0.04669324723167235
caitayo,3,11,0.009615384615384616,0.010406811731315043,0.21428571428571427,0.04669324723167235
Excel,3,11,0.009615384615384616,0.010406811731315043,0.21428571428571427,0.04669324723167235
資格,3,11,0.009615384615384616,0.010406811731315043,0.21428571428571427,0.04669324723167235
最新,11,38,0.035256410256410256,0.03595080416272469,0.22448979591836735,0.02916698708069623
取得,5,18,0.016025641025641024,0.017029328287606435,0.21739130434782608,0.010199026744586922
経費,2,8,0.00641025641025641,0.007568590350047304,0.2,-0.008153968115451108
分間,2,8,0.00641025641025641,0.007568590350047304,0.2,-0.008153968115451108
メニュー,2,8,0.00641025641025641,0.007568590350047304,0.2,-0.008153968115451108
立ち上げ,2,8,0.00641025641025641,0.007568590350047304,0.2,-0.008153968115451108
E,2,8,0.00641025641025641,0.007568590350047304,0.2,-0.008153968115451108
一部,2,8,0.00641025641025641,0.007568590350047304,0.2,-0.008153968115451108
前提,2,8,0.00641025641025641,0.007568590350047304,0.2,-0.008153968115451108
遅れる,2,8,0.00641025641025641,0.007568590350047304,0.2,-0.008153968115451108
チーム,2,8,0.00641025641025641,0.007568590350047304,0.2,-0.008153968115451108
同期,2,8,0.00641025641025641,0.007568590350047304,0.2,-0.008153968115451108
エラー,4,15,0.01282051282051282,0.014191106906338695,0.21052631578947367,-0.03542445878058288
P,4,15,0.01282051282051282,0.014191106906338695,0.21052631578947367,-0.03542445878058288
X,4,15,0.01282051282051282,0.014191106906338695,0.21052631578947367,-0.03542445878058288
誠,4,15,0.01282051282051282,0.014191106906338695,0.21052631578947367,-0.03542445878058288
電話,8,29,0.02564102564102564,0.027436140018921477,0.21621621621621623,-0.06875421912608831
日,40,138,0.1282051282051282,0.130558183538316,0.2247191011235955,-0.06985661762795824
ローカル,3,12,0.009615384615384616,0.011352885525070956,0.2,-0.09153840789367722
表,5,19,0.016025641025641024,0.017975402081362345,0.20833333333333334,-0.09978201796105987
在宅,5,19,0.016025641025641024,0.017975402081362345,0.20833333333333334,-0.09978201796105987
情報,28,98,0.08974358974358974,0.09271523178807947,0.2222222222222222,-0.10967105986260729
cc,6,23,0.019230769230769232,0.021759697256385997,0.20689655172413793,-0.1534719017156827
二,2,9,0.00641025641025641,0.008514664143803218,0.18181818181818182,-0.16542108202206
経験,2,9,0.00641025641025641,0.008514664143803218,0.18181818181818182,-0.16542108202206
権限,2,9,0.00641025641025641,0.008514664143803218,0.18181818181818182,-0.16542108202206
森田,3,13,0.009615384615384616,0.01229895931882687,0.1875,-0.22143236924592063
いい,3,13,0.009615384615384616,0.01229895931882687,0.1875,-0.22143236924592063
しまい,6,24,0.019230769230769232,0.02270577105014191,0.2,-0.24975075860035315
進め,6,24,0.019230769230769232,0.02270577105014191,0.2,-0.24975075860035315
流れ,3,14,0.009615384615384616,0.013245033112582781,0.17647058823529413,-0.34388729465065215
よい,3,14,0.009615384615384616,0.013245033112582781,0.17647058823529413,-0.34388729465065215
返却,3,14,0.009615384615384616,0.013245033112582781,0.17647058823529413,-0.34388729465065215
Redmine,3,14,0.009615384615384616,0.013245033112582781,0.17647058823529413,-0.34388729465065215
VPN,11,43,0.035256410256410256,0.04068117313150426,0.2037037037037037,-0.34624548811321676
海野,12,47,0.038461538461538464,0.04446546830652791,0.2033898305084746,-0.37660338916317193
登録,19,72,0.060897435897435896,0.06811731315042574,0.2087912087912088,-0.38653932007134884
展開,2,11,0.00641025641025641,0.010406811731315043,0.15384615384615385,-0.44382112474705393
初期,2,11,0.00641025641025641,0.010406811731315043,0.15384615384615385,-0.44382112474705393
AWS,2,11,0.00641025641025641,0.010406811731315043,0.15384615384615385,-0.44382112474705393
要求,2,11,0.00641025641025641,0.010406811731315043,0.15384615384615385,-0.44382112474705393
わかり,2,11,0.00641025641025641,0.010406811731315043,0.15384615384615385,-0.44382112474705393
フロー,3,15,0.009615384615384616,0.014191106906338695,0.16666666666666666,-0.4596729396990256
レビュー,4,19,0.01282051282051282,0.017975402081362345,0.17391304347826086,-0.47919450084807247
概要,5,23,0.016025641025641024,0.021759697256385997,0.17857142857142858,-0.499996771853822
戦略,7,31,0.022435897435897436,0.0293282876064333,0.18421052631578946,-0.5422299173522469
B,2,12,0.00641025641025641,0.011352885525070956,0.14285714285714285,-0.5682023378059304
テーブル,2,12,0.00641025641025641,0.011352885525070956,0.14285714285714285,-0.5682023378059304
CC,2,12,0.00641025641025641,0.011352885525070956,0.14285714285714285,-0.5682023378059304
テンプレート,3,16,0.009615384615384616,0.015137180700094607,0.15789473684210525,-0.5694516734599095
準備,4,20,0.01282051282051282,0.01892147587511826,0.16666666666666666,-0.5785331365838785
盃,18,72,0.057692307692307696,0.06811731315042574,0.2,-0.5875793018611024
ルール,3,17,0.009615384615384616,0.01608325449385052,0.15,-0.6737962921297691
イベント,3,17,0.009615384615384616,0.01608325449385052,0.15,-0.6737962921297691
不便,4,21,0.01282051282051282,0.019867549668874173,0.16,-0.6739427690549384
勉強,4,21,0.01282051282051282,0.019867549668874173,0.16,-0.6739427690549384
メモ,2,13,0.00641025641025641,0.01229895931882687,0.13333333333333333,-0.6843814469534348
稟議,2,13,0.00641025641025641,0.01229895931882687,0.13333333333333333,-0.6843814469534348
方針,2,13,0.00641025641025641,0.01229895931882687,0.13333333333333333,-0.6843814469534348
歩,2,13,0.00641025641025641,0.01229895931882687,0.13333333333333333,-0.6843814469534348
問題,7,33,0.022435897435897436,0.03122043519394513,0.175,-0.7004930957482144
本日,29,114,0.09294871794871795,0.10785241248817408,0.20279720279720279,-0.7077797805535216
感じ,1,9,0.003205128205128205,0.008514664143803218,0.1,-0.7175227327525072
JBDNEWS,1,9,0.003205128205128205,0.008514664143803218,0.1,-0.7175227327525072
償還,1,9,0.003205128205128205,0.008514664143803218,0.1,-0.7175227327525072
線,1,9,0.003205128205128205,0.008514664143803218,0.1,-0.7175227327525072
とき,1,9,0.003205128205128205,0.008514664143803218,0.1,-0.7175227327525072
ボード,1,9,0.003205128205128205,0.008514664143803218,0.1,-0.7175227327525072
説明,10,45,0.03205128205128205,0.04257332071901608,0.18181818181818182,-0.7408311163679798
仕様,4,22,0.01282051282051282,0.020813623462630087,0.15384615384615385,-0.7657140979360733
テスト,3,18,0.009615384615384616,0.017029328287606435,0.14285714285714285,-0.7732046370715324
ユーザ,3,18,0.009615384615384616,0.017029328287606435,0.14285714285714285,-0.7732046370715324
砂,17,72,0.05448717948717949,0.06811731315042574,0.19101123595505617,-0.7902647617169455
側,2,14,0.00641025641025641,0.013245033112582781,0.125,-0.7933447109402436
入っ,2,14,0.00641025641025641,0.013245033112582781,0.125,-0.7933447109402436
手順,10,46,0.03205128205128205,0.043519394512771994,0.17857142857142858,-0.8076017249478983
React,1,10,0.003205128205128205,0.00946073793755913,0.09090909090909091,-0.8376400177037983
Wi,1,10,0.003205128205128205,0.00946073793755913,0.09090909090909091,-0.8376400177037983
力,1,10,0.003205128205128205,0.00946073793755913,0.09090909090909091,-0.8376400177037983
条件,1,10,0.003205128205128205,0.00946073793755913,0.09090909090909091,-0.8376400177037983
休み,1,10,0.003205128205128205,0.00946073793755913,0.09090909090909091,-0.8376400177037983
多,1,10,0.003205128205128205,0.00946073793755913,0.09090909090909091,-0.8376400177037983
Fi,1,10,0.003205128205128205,0.00946073793755913,0.09090909090909091,-0.8376400177037983
手すき,1,10,0.003205128205128205,0.00946073793755913,0.09090909090909091,-0.8376400177037983
河,1,10,0.003205128205128205,0.00946073793755913,0.09090909090909091,-0.8376400177037983
浩之,1,10,0.003205128205128205,0.00946073793755913,0.09090909090909091,-0.8376400177037983
ディレクトリ,1,10,0.003205128205128205,0.00946073793755913,0.09090909090909091,-0.8376400177037983
名称,1,10,0.003205128205128205,0.00946073793755913,0.09090909090909091,-0.8376400177037983
池袋,1,10,0.003205128205128205,0.00946073793755913,0.09090909090909091,-0.8376400177037983
ポータル,6,31,0.019230769230769232,0.0293282876064333,0.16216216216216217,-0.8480565037798702
分析,3,19,0.009615384615384616,0.017975402081362345,0.13636363636363635,-0.8681115600508825
打ち合わせ,3,19,0.009615384615384616,0.017975402081362345,0.13636363636363635,-0.8681115600508825
自動,2,15,0.00641025641025641,0.014191106906338695,0.11764705882352941,-0.89591576029647
API,2,15,0.00641025641025641,0.014191106906338695,0.11764705882352941,-0.89591576029647
ミーティング,2,15,0.00641025641025641,0.014191106906338695,0.11764705882352941,-0.89591576029647
履歴,2,15,0.00641025641025641,0.014191106906338695,0.11764705882352941,-0.89591576029647
バック,1,11,0.003205128205128205,0.010406811731315043,0.08333333333333333,-0.9478052856614425
リモート,1,11,0.003205128205128205,0.010406811731315043,0.08333333333333333,-0.9478052856614425
柿本,1,11,0.003205128205128205,0.010406811731315043,0.08333333333333333,-0.9478052856614425
遅く,1,11,0.003205128205128205,0.010406811731315043,0.08333333333333333,-0.9478052856614425
翼,1,11,0.003205128205128205,0.010406811731315043,0.08333333333333333,-0.9478052856614425
若林,1,11,0.003205128205128205,0.010406811731315043,0.08333333333333333,-0.9478052856614425
脇,1,11,0.003205128205128205,0.010406811731315043,0.08333333333333333,-0.9478052856614425
バッチ,3,20,0.009615384615384616,0.01892147587511826,0.13043478260869565,-0.9588987259337467
検索,2,16,0.00641025641025641,0.015137180700094607,0.1111111111111111,-0.9927884845361274
大変,2,16,0.00641025641025641,0.015137180700094607,0.1111111111111111,-0.9927884845361274
追記,3,21,0.009615384615384616,0.019867549668874173,0.125,-1.045902666427997
小川,1,12,0.003205128205128205,0.011352885525070956,0.07692307692307693,-1.0495159736249653
選考,1,12,0.003205128205128205,0.011352885525070956,0.07692307692307693,-1.0495159736249653
持ち出し,1,12,0.003205128205128205,0.011352885525070956,0.07692307692307693,-1.0495159736249653
経歴,1,12,0.003205128205128205,0.011352885525070956,0.07692307692307693,-1.0495159736249653
質疑,1,12,0.003205128205128205,0.011352885525070956,0.07692307692307693,-1.0495159736249653
標準,1,12,0.003205128205128205,0.011352885525070956,0.07692307692307693,-1.0495159736249653
進む,1,12,0.003205128205128205,0.011352885525070956,0.07692307692307693,-1.0495159736249653
機能,8,42,0.02564102564102564,0.039735099337748346,0.16,-1.0618809876027655
加藤,2,17,0.00641025641025641,0.01608325449385052,0.10526315789473684,-1.0845522663184042
晃,2,17,0.00641025641025641,0.01608325449385052,0.10526315789473684,-1.0845522663184042
遅れ,2,17,0.00641025641025641,0.01608325449385052,0.10526315789473684,-1.0845522663184042
A,2,17,0.00641025641025641,0.01608325449385052,0.10526315789473684,-1.0845522663184042
予定,30,127,0.09615384615384616,0.12015137180700095,0.1910828025477707,-1.1205341045328387
Vue,1,13,0.003205128205128205,0.01229895931882687,0.07142857142857142,-1.1439605340463619
間,15,71,0.04807692307692308,0.06717123935666983,0.1744186046511628,-1.146671490589892
保守,2,18,0.00641025641025641,0.017029328287606435,0.1,-1.171711522324895
KPT,2,18,0.00641025641025641,0.017029328287606435,0.1,-1.171711522324895
新卒,4,27,0.01282051282051282,0.02554399243140965,0.12903225806451613,-1.1782798243403283
冷蔵,3,23,0.009615384615384616,0.021759697256385997,0.11538461538461539,-1.2097200492630842
安藤,1,14,0.003205128205128205,0.013245033112582781,0.06666666666666667,-1.2320969116502436
近澤,1,14,0.003205128205128205,0.013245033112582781,0.06666666666666667,-1.2320969116502436
月曜,1,14,0.003205128205128205,0.013245033112582781,0.06666666666666667,-1.2320969116502436
資産,1,14,0.003205128205128205,0.013245033112582781,0.06666666666666667,-1.2320969116502436
資料,9,49,0.028846153846153848,0.046357615894039736,0.15517241379310345,-1.2488338280138072
開発,34,145,0.10897435897435898,0.13718070009460737,0.18994413407821228,-1.253722927311099
Docker,0,10,0.0,0.00946073793755913,0.0,-1.2664294432145078
中谷,0,10,0.0,0.00946073793755913,0.0,-1.2664294432145078
宮原,0,10,0.0,0.00946073793755913,0.0,-1.2664294432145078
瞳,0,10,0.0,0.00946073793755913,0.0,-1.2664294432145078
鹿島,0,10,0.0,0.00946073793755913,0.0,-1.2664294432145078
藤田,0,10,0.0,0.00946073793755913,0.0,-1.2664294432145078
誠一郎,0,10,0.0,0.00946073793755913,0.0,-1.2664294432145078
すれ,0,10,0.0,0.00946073793755913,0.0,-1.2664294432145078
結合,0,10,0.0,0.00946073793755913,0.0,-1.2664294432145078
西中,0,10,0.0,0.00946073793755913,0.0,-1.2664294432145078
トップ,0,10,0.0,0.00946073793755913,0.0,-1.2664294432145078
横島,0,10,0.0,0.00946073793755913,0.0,-1.2664294432145078
怜,0,10,0.0,0.00946073793755913,0.0,-1.2664294432145078
本番,0,10,0.0,0.00946073793755913,0.0,-1.2664294432145078
央,0,10,0.0,0.00946073793755913,0.0,-1.2664294432145078
健太,0,10,0.0,0.00946073793755913,0.0,-1.2664294432145078
ポケット,0,10,0.0,0.00946073793755913,0.0,-1.2664294432145078
CICD,0,10,0.0,0.00946073793755913,0.0,-1.2664294432145078
勤務,10,54,0.03205128205128205,0.0510879848628193,0.15625,-1.3037948012433458
金澤,1,15,0.003205128205128205,0.014191106906338695,0.0625,-1.3147078698355288
気,1,15,0.003205128205128205,0.014191106906338695,0.0625,-1.3147078698355288
コーディング,1,15,0.003205128205128205,0.014191106906338695,0.0625,-1.3147078698355288
D,0,11,0.0,0.010406811731315043,0.0,-1.3325047003925703
デプロイ,0,11,0.0,0.010406811731315043,0.0,-1.3325047003925703
藤枝,0,11,0.0,0.010406811731315043,0.0,-1.3325047003925703
基礎,0,11,0.0,0.010406811731315043,0.0,-1.3325047003925703
心得,0,11,0.0,0.010406811731315043,0.0,-1.3325047003925703
古田,0,11,0.0,0.010406811731315043,0.0,-1.3325047003925703
祐,0,11,0.0,0.010406811731315043,0.0,-1.3325047003925703
優太,0,11,0.0,0.010406811731315043,0.0,-1.3325047003925703
クラス,0,11,0.0,0.010406811731315043,0.0,-1.3325047003925703
要約,0,11,0.0,0.010406811731315043,0.0,-1.3325047003925703
週,1,16,0.003205128205128205,0.015137180700094607,0.058823529411764705,-1.392440817972928
指摘,1,16,0.003205128205128205,0.015137180700094607,0.058823529411764705,-1.392440817972928
森林,0,12,0.0,0.011352885525070956,0.0,-1.3931456664786295
中込,0,12,0.0,0.011352885525070956,0.0,-1.3931456664786295
唯,0,12,0.0,0.011352885525070956,0.0,-1.3931456664786295
渉,0,12,0.0,0.011352885525070956,0.0,-1.3931456664786295
プラクティス,0,12,0.0,0.011352885525070956,0.0,-1.3931456664786295
画面,12,64,0.038461538461538464,0.06054872280037843,0.15789473684210525,-1.4088289240135885
構成,2,21,0.00641025641025641,0.019867549668874173,0.08695652173913043,-1.4096308303844196
申し訳,11,60,0.035256410256410256,0.05676442762535478,0.15492957746478872,-1.4126194571723927
パスワード,19,92,0.060897435897435896,0.08703878902554399,0.17117117117117117,-1.419005475462599
機器,3,26,0.009615384615384616,0.02459791863765374,0.10344827586206896,-1.4335419923328352
誠之,0,13,0.0,0.01229895931882687,0.0,-1.4491795534561867
火曜,0,13,0.0,0.01229895931882687,0.0,-1.4491795534561867
健一郎,0,13,0.0,0.01229895931882687,0.0,-1.4491795534561867
永,0,13,0.0,0.01229895931882687,0.0,-1.4491795534561867
SQL,0,13,0.0,0.01229895931882687,0.0,-1.4491795534561867
ER,0,13,0.0,0.01229895931882687,0.0,-1.4491795534561867
直毅,0,13,0.0,0.01229895931882687,0.0,-1.4491795534561867
貫,0,13,0.0,0.01229895931882687,0.0,-1.4491795534561867
澤,0,13,0.0,0.01229895931882687,0.0,-1.4491795534561867
憲一,0,13,0.0,0.01229895931882687,0.0,-1.4491795534561867
印刷,4,31,0.01282051282051282,0.0293282876064333,0.11428571428571428,-1.4636791388857928
動作,1,17,0.003205128205128205,0.01608325449385052,0.05555555555555555,-1.465837026443193
敬生,1,17,0.003205128205128205,0.01608325449385052,0.05555555555555555,-1.465837026443193
承知,1,17,0.003205128205128205,0.01608325449385052,0.05555555555555555,-1.465837026443193
板坂,1,17,0.003205128205128205,0.01608325449385052,0.05555555555555555,-1.465837026443193
応答,1,17,0.003205128205128205,0.01608325449385052,0.05555555555555555,-1.465837026443193
田中,0,14,0.0,0.013245033112582781,0.0,-1.5012588888388567
昌弘,0,14,0.0,0.013245033112582781,0.0,-1.5012588888388567
実行,4,32,0.01282051282051282,0.030274361400189215,0.1111111111111111,-1.5299979618603359
v,1,18,0.003205128205128205,0.017029328287606435,0.05263157894736842,-1.5353534243385238
正,0,15,0.0,0.014191106906338695,0.0,-1.5499073263424286
C,0,15,0.0,0.014191106906338695,0.0,-1.5499073263424286
直樹,0,15,0.0,0.014191106906338695,0.0,-1.5499073263424286
祥久,0,15,0.0,0.014191106906338695,0.0,-1.5499073263424286
CTC,0,15,0.0,0.014191106906338695,0.0,-1.5499073263424286
原,0,15,0.0,0.014191106906338695,0.0,-1.5499073263424286
瓜,0,15,0.0,0.014191106906338695,0.0,-1.5499073263424286
イメージ,0,15,0.0,0.014191106906338695,0.0,-1.5499073263424286
深川,0,15,0.0,0.014191106906338695,0.0,-1.5499073263424286
悠,0,15,0.0,0.014191106906338695,0.0,-1.5499073263424286
プリンタ,2,23,0.00641025641025641,0.021759697256385997,0.08,-1.5518269181739048
停電,3,28,0.009615384615384616,0.026490066225165563,0.0967741935483871,-1.5703981131975153
基本,3,28,0.009615384615384616,0.026490066225165563,0.0967741935483871,-1.5703981131975153
構築,6,42,0.019230769230769232,0.039735099337748346,0.125,-1.595089725355035
莉奈,0,16,0.0,0.015137180700094607,0.0,-1.595551393719197
編集,0,16,0.0,0.015137180700094607,0.0,-1.595551393719197
塩田,0,16,0.0,0.015137180700094607,0.0,-1.595551393719197
定例,0,16,0.0,0.015137180700094607,0.0,-1.595551393719197
颯,0,16,0.0,0.015137180700094607,0.0,-1.595551393719197
享平,0,16,0.0,0.015137180700094607,0.0,-1.595551393719197
T,1,19,0.003205128205128205,0.017975402081362345,0.05,-1.6013791146624647
石川,1,19,0.003205128205128205,0.017975402081362345,0.05,-1.6013791146624647
亮,2,24,0.00641025641025641,0.02270577105014191,0.07692307692307693,-1.6187702123299579
利樹,0,17,0.0,0.01608325449385052,0.0,-1.6385430505827094
弥,0,17,0.0,0.01608325449385052,0.0,-1.6385430505827094
編,0,17,0.0,0.01608325449385052,0.0,-1.6385430505827094
永井,0,17,0.0,0.01608325449385052,0.0,-1.6385430505827094
隼,0,17,0.0,0.01608325449385052,0.0,-1.6385430505827094
木下,6,43,0.019230769230769232,0.04068117313150426,0.12244897959183673,-1.6544340119807663
ソフト,4,34,0.01282051282051282,0.03216650898770104,0.10526315789473684,-1.6573508513616766
メッセージ,1,20,0.003205128205128205,0.01892147587511826,0.047619047619047616,-1.6642480625433014
サーバ,8,52,0.02564102564102564,0.04919583727530748,0.13333333333333333,-1.667743751413968
長命,0,18,0.0,0.017029328287606435,0.0,-1.6791760690857922
荒井,0,18,0.0,0.017029328287606435,0.0,-1.6791760690857922
幹太,0,18,0.0,0.017029328287606435,0.0,-1.6791760690857922
前田,0,18,0.0,0.017029328287606435,0.0,-1.6791760690857922
万博,2,25,0.00641025641025641,0.023651844843897825,0.07407407407407407,-1.6832197515259857
介,0,19,0.0,0.017975402081362345,0.0,-1.7176981589857263
復旧,4,35,0.01282051282051282,0.033112582781456956,0.10256410256410256,-1.7185672400629388
YYY,1,21,0.003205128205128205,0.019867549668874173,0.045454545454545456,-1.7242489673669792
バスター,7,49,0.022435897435897436,0.046357615894039736,0.125,-1.74403052886811
コントローラ,0,20,0.0,0.01892147587511826,0.0,-1.7543200964289503
侑,0,20,0.0,0.01892147587511826,0.0,-1.7543200964289503
松本,0,20,0.0,0.01892147587511826,0.0,-1.7543200964289503
磨,0,20,0.0,0.01892147587511826,0.0,-1.7543200964289503
インタネット,0,20,0.0,0.01892147587511826,0.0,-1.7543200964289503
リスト,8,54,0.02564102564102564,0.0510879848628193,0.12903225806451613,-1.7770219856409382
アジェンダ,1,22,0.003205128205128205,0.020813623462630087,0.043478260869565216,-1.781633032976709
政所,0,21,0.0,0.019867549668874173,0.0,-1.7892227019218732
SVN,0,21,0.0,0.019867549668874173,0.0,-1.7892227019218732
藤本,0,21,0.0,0.019867549668874173,0.0,-1.7892227019218732
WIFI,0,21,0.0,0.019867549668874173,0.0,-1.7892227019218732
版,7,50,0.022435897435897436,0.04730368968779565,0.12280701754385964,-1.7991532392365046
要件,2,27,0.00641025641025641,0.02554399243140965,0.06896551724137931,-1.8053372099565035
優,0,22,0.0,0.020813623462630087,0.0,-1.8225622474235124
Tips,0,22,0.0,0.020813623462630087,0.0,-1.8225622474235124
受講,15,85,0.04807692307692308,0.0804162724692526,0.15,-1.842946661177464
實,0,23,0.0,0.021759697256385997,0.0,-1.8544746980973745
健司,2,28,0.00641025641025641,0.026490066225165563,0.06666666666666667,-1.8633112489781383
翔,0,24,0.0,0.02270577105014191,0.0,-1.8850790772796995
製品,6,48,0.019230769230769232,0.04541154210028382,0.1111111111111111,-1.9344011090258189
ポット,1,25,0.003205128205128205,0.023651844843897825,0.038461538461538464,-1.9401553546389847
隈部,0,26,0.0,0.02459791863765374,0.0,-1.942770670740602
亮太,0,26,0.0,0.02459791863765374,0.0,-1.942770670740602
摩耶,0,26,0.0,0.02459791863765374,0.0,-1.942770670740602
龍,0,27,0.0,0.02554399243140965,0.0,-1.9700330308888105
移行,2,30,0.00641025641025641,0.02838221381267739,0.0625,-1.973746941183161
凌,0,28,0.0,0.026490066225165563,0.0,-1.9963408550036712
図,0,28,0.0,0.026490066225165563,0.0,-1.9963408550036712
PC,19,105,0.060897435897435896,0.09933774834437085,0.1532258064516129,-2.001287129764888
タスク,0,29,0.0,0.027436140018921477,0.0,-2.0217601472336364
起動,6,50,0.019230769230769232,0.04730368968779565,0.10714285714285714,-2.039332400476438
馬場,2,32,0.00641025641025641,0.030274361400189215,0.058823529411764705,-2.0775720007024656
啓吾,2,32,0.00641025641025641,0.030274361400189215,0.058823529411764705,-2.0775720007024656
大和田,2,32,0.00641025641025641,0.030274361400189215,0.058823529411764705,-2.0775720007024656
花田,1,28,0.003205128205128205,0.026490066225165563,0.034482758620689655,-2.0816589327957087
宏,1,28,0.003205128205128205,0.026490066225165563,0.034482758620689655,-2.0816589327957087
喜,1,28,0.003205128205128205,0.026490066225165563,0.034482758620689655,-2.0816589327957087
Z,0,32,0.0,0.030274361400189215,0.0,-2.0932529000726157
ウイルス,5,47,0.016025641025641024,0.04446546830652791,0.09615384615384616,-2.123191522331599
S,2,33,0.00641025641025641,0.03122043519394513,0.05714285714285714,-2.1272468128709563
年間,2,33,0.00641025641025641,0.03122043519394513,0.05714285714285714,-2.1272468128709563
謙二,0,34,0.0,0.03216650898770104,0.0,-2.1374211038448303
淺野,10,70,0.03205128205128205,0.06622516556291391,0.125,-2.1382699471984923
定義,2,34,0.00641025641025641,0.03216650898770104,0.05555555555555555,-2.1755422986761026
武田,1,31,0.003205128205128205,0.0293282876064333,0.03125,-2.2094821370508813
青山,0,40,0.0,0.03784295175023652,0.0,-2.2563762564698546
AIM,7,59,0.022435897435897436,0.05581835383159887,0.10606060606060606,-2.2566587327752763
here,5,50,0.016025641025641024,0.04730368968779565,0.09090909090909091,-2.271149055353559
DB,1,36,0.003205128205128205,0.03405865657521287,0.02702702702702703,-2.3984945665551063
梨乃,0,51,0.0,0.048249763481551564,0.0,-2.435859059740292
すみ,1,40,0.003205128205128205,0.03784295175023652,0.024390243902439025,-2.532541641312248
ナレッジ,12,89,0.038461538461538464,0.08420056764427625,0.1188118811881188,-2.5824916276588716
議事,1,45,0.003205128205128205,0.04257332071901608,0.021739130434782608,-2.6832589421991435
ランキング,0,84,0.0,0.07947019867549669,0.0,-2.8126342050159883
pencil,0,84,0.0,0.07947019867549669,0.0,-2.8126342050159883
ページ,10,86,0.03205128205128205,0.08136234626300852,0.10416666666666667,-2.825737603562342
環境,4,59,0.01282051282051282,0.05581835383159887,0.06349206349206349,-2.8533906530441744
ボット,1,52,0.003205128205128205,0.04919583727530748,0.018867924528301886,-2.8695737166977846
裕喜,1,53,0.003205128205128205,0.050141911069063384,0.018518518518518517,-2.894232772280841
設計,3,58,0.009615384615384616,0.05487228003784295,0.04918032786885246,-2.9668505539941923
冨澤,2,55,0.00641025641025641,0.05203405865657521,0.03508771929824561,-2.9671174883519265
一覧,11,98,0.035256410256410256,0.09271523178807947,0.10091743119266056,-3.1081404226301084
サーバー,20,138,0.0641025641025641,0.130558183538316,0.12658227848101267,-3.1103114221505033
棚卸,8,86,0.02564102564102564,0.08136234626300852,0.0851063829787234,-3.174304025871905
石井,6,80,0.019230769230769232,0.07568590350047304,0.06976744186046512,-3.2850688464588846
状況,18,136,0.057692307692307696,0.12866603595080417,0.11688311688311688,-3.3426251096290422
Windows,6,87,0.019230769230769232,0.08230842005676443,0.06451612903225806,-3.514550603595315
以内,1,85,0.003205128205128205,0.0804162724692526,0.011627906976744186,-3.515603778275717
更新,12,115,0.038461538461538464,0.10879848628192999,0.09448818897637795,-3.542056136549186
チャット,3,79,0.009615384615384616,0.07473982970671712,0.036585365853658534,-3.585057808580632
達也,2,84,0.00641025641025641,0.07947019867549669,0.023255813953488372,-3.6861760782311044
Office,2,85,0.00641025641025641,0.0804162724692526,0.022988505747126436,-3.706620054538378
貼付け,2,85,0.00641025641025641,0.0804162724692526,0.022988505747126436,-3.706620054538378
週間,2,86,0.00641025641025641,0.08136234626300852,0.022727272727272728,-3.72684601815683
シール,3,85,0.009615384615384616,0.0804162724692526,0.03409090909090909,-3.733931859172514
導入,4,87,0.01282051282051282,0.08230842005676443,0.04395604395604396,-3.7342598729224137
田渕,3,86,0.009615384615384616,0.08136234626300852,0.033707865168539325,-3.7578116138373687
USER,43,461,0.13782051282051283,0.43614001892147586,0.08531746031746032,-8.967592634553013
