iter	Passed	Remaining
0	297	2382840
1	592	2368182
2	863	2300914
3	1128	2255409
4	1394	2229599
5	1687	2247953
6	2013	2298561
7	2292	2290580
8	2602	2310673
9	2909	2325076
10	3217	2336461
11	3516	2341089
12	3755	2307341
13	4056	2313831
14	4369	2326294
15	4670	2330356
16	4971	2334358
17	5265	2335107
18	5568	2339069
19	5865	2340300
20	6168	2343607
21	6468	2345831
22	6786	2353841
23	7088	2355737
24	7362	2348519
25	7634	2341297
26	7946	2346642
27	8264	2353040
28	8593	2361952
29	8873	2357444
30	9187	2361772
31	9477	2359978
32	9748	2353567
33	10108	2368296
34	10397	2366210
35	10713	2370138
36	10989	2365140
37	11300	2367814
38	11589	2365715
39	11868	2361784
40	12157	2360113
41	12457	2360366
42	12748	2359059
43	13028	2355872
44	13324	2355523
45	13651	2360485
46	13942	2359297
47	14236	2358525
48	14505	2353812
49	14796	2352713
50	15081	2350718
51	15397	2353476
52	15696	2353527
53	15985	2352303
54	16289	2353144
55	16584	2352697
56	16881	2352425
57	17215	2357352
58	17510	2356853
59	17812	2357149
60	18088	2354132
61	18374	2352490
62	18670	2352196
63	18971	2352474
64	19271	2352608
65	19572	2352861
66	19890	2355050
67	20190	2355108
68	20502	2356640
69	20823	2358989
70	21132	2360043
71	21540	2371835
72	21877	2375606
73	22190	2376793
74	22479	2375304
75	22767	2373831
76	23099	2376861
77	23419	2378552
78	23736	2379921
79	24050	2381009
80	24380	2383525
81	24716	2386622
82	25039	2388437
83	25368	2390725
84	25667	2390060
85	25948	2387882
86	26289	2391108
87	26588	2390512
88	26850	2386662
89	27122	2383798
90	27442	2385076
91	27719	2382707
92	28058	2385543
93	28366	2385812
94	28699	2388123
95	28982	2386255
96	29279	2385555
97	29583	2385428
98	29861	2383194
99	30154	2382235
100	30462	2382408
101	30753	2381276
102	31038	2379691
103	31314	2377519
104	31611	2376869
105	31874	2373738
106	32136	2370590
107	32401	2367674
108	32687	2366393
109	33001	2367076
110	33292	2366134
111	33557	2363388
112	33834	2361497
113	34125	2360666
114	34402	2358821
115	34677	2356860
116	34961	2355599
117	35266	2355713
118	35584	2356678
119	35868	2355392
120	36181	2355969
121	36427	2352245
122	36745	2353228
123	37030	2352053
124	37320	2351170
125	37587	2348900
126	37867	2347506
127	38130	2345020
128	38413	2343797
129	38686	2342033
130	39003	2342914
131	39291	2342015
132	39555	2339723
133	39859	2339833
134	40142	2338658
135	40416	2337020
136	40698	2335856
137	41051	2338764
138	41309	2336191
139	41565	2333620
140	41858	2333074
141	42139	2331894
142	42387	2328941
143	42639	2326212
144	42914	2324778
145	43201	2323984
146	43461	2321765
147	43723	2319731
148	44020	2319487
149	44318	2319314
150	44574	2316991
151	44857	2316051
152	45159	2316100
153	45440	2315122
154	45747	2315415
155	46017	2313843
156	46315	2313691
157	46581	2311992
158	46871	2311450
159	47175	2311587
160	47461	2310873
161	47745	2310038
162	48034	2309482
163	48315	2308515
164	48592	2307426
165	48859	2305827
166	49129	2304365
167	49451	2305388
168	49716	2303705
169	50002	2303070
170	50271	2301600
171	50553	2300778
172	50859	2301019
173	51141	2300205
174	51430	2299687
175	51712	2298858
176	52005	2298546
177	52298	2298188
178	52587	2297706
179	52832	2295277
180	53109	2294268
181	53388	2293350
182	53647	2291594
183	53938	2291195
184	54210	2290034
185	54487	2289040
186	54829	2290807
187	55118	2290364
188	55439	2291186
189	55749	2291602
190	56034	2290952
191	56316	2290198
192	56595	2289327
193	56878	2288628
194	57199	2289436
195	57480	2288652
196	57751	2287479
197	58017	2286115
198	58293	2285147
199	58567	2284151
200	58856	2283686
201	59189	2284945
202	59466	2284038
203	59737	2282894
204	60030	2282611
205	60316	2282086
206	60590	2281078
207	60868	2280227
208	61146	2279404
209	61420	2278423
210	61699	2277633
211	61984	2277048
212	62271	2276563
213	62614	2278118
214	62881	2276910
215	63180	2276825
216	63455	2275913
217	63728	2274932
218	64035	2275158
219	64367	2276286
220	64618	2274525
221	64924	2274706
222	65213	2274296
223	65486	2273328
224	65766	2272596
225	66082	2273108
226	66402	2273777
227	66682	2273060
228	66966	2272479
229	67257	2272128
230	67521	2270901
231	67783	2269564
232	68049	2268422
233	68359	2268730
234	68635	2267904
235	68912	2267090
236	69192	2266426
237	69458	2265288
238	69744	2264792
239	70051	2264992
240	70323	2264077
241	70590	2262994
242	70881	2262680
243	71179	2262570
244	71449	2261607
245	71745	2261431
246	72049	2261522
247	72363	2261943
248	72657	2261726
249	72980	2262393
250	73261	2261774
251	73535	2260923
252	73880	2262247
253	74158	2261554
254	74440	2260944
255	74714	2260123
256	74993	2259436
257	75239	2257761
258	75505	2256705
259	75787	2256134
260	76092	2256230
261	76369	2255533
262	76648	2254873
263	76923	2254092
264	77192	2253152
265	77479	2252732
266	77758	2252073
267	78051	2251858
268	78347	2251693
269	78622	2250933
270	78896	2250163
271	79185	2249795
272	79475	2249488
273	79787	2249779
274	80078	2249490
275	80356	2248829
276	80619	2247742
277	80914	2247567
278	81199	2247092
279	81432	2245222
280	81709	2244542
281	82003	2244344
282	82284	2243766
283	82578	2243583
284	82847	2242686
285	83120	2241929
286	83390	2241087
287	83671	2240544
288	83958	2240139
289	84304	2241337
290	84582	2240715
291	84875	2240469
292	85156	2239927
293	85429	2239174
294	85748	2239639
295	86051	2239663
296	86331	2239097
297	86590	2237975
298	86878	2237631
299	87153	2236945
300	87416	2235957
301	87693	2235310
302	87969	2234667
303	88260	2234382
304	88575	2234704
305	88865	2234418
306	89168	2234432
307	89443	2233775
308	89707	2232806
309	89982	2232152
310	90266	2231690
311	90530	2230766
312	90811	2230257
313	91120	2230415
314	91394	2229747
315	91651	2228650
316	91923	2227923
317	92200	2227298
318	92560	2228713
319	92852	2228448
320	93134	2227972
321	93423	2227664
322	93688	2226764
323	93962	2226098
324	94224	2225137
325	94483	2224119
326	94756	2223433
327	95059	2223467
328	95388	2224090
329	95660	2223372
330	95934	2222722
331	96215	2222228
332	96493	2221663
333	96725	2220062
334	96990	2219209
335	97229	2217763
336	97489	2216794
337	97788	2216726
338	98058	2215999
339	98329	2215312
340	98591	2214416
341	98869	2213867
342	99167	2213770
343	99439	2213110
344	99701	2212213
345	99974	2211565
346	100251	2211013
347	100531	2210534
348	100794	2209673
349	101063	2208961
350	101339	2208397
351	101624	2208018
352	101894	2207334
353	102161	2206583
354	102442	2206110
355	102708	2205348
356	102974	2204587
357	103242	2203855
358	103521	2203372
359	103802	2202920
360	104098	2202791
361	104374	2202240
362	104651	2201721
363	104957	2201799
364	105241	2201418
365	105529	2201136
366	105800	2200468
367	106068	2199767
368	106359	2199541
369	106619	2198662
370	106870	2197616
371	107163	2197423
372	107441	2196930
373	107729	2196654
374	108001	2196033
375	108279	2195538
376	108622	2196363
377	108889	2195643
378	109165	2195110
379	109487	2195508
380	109766	2195032
381	110059	2194849
382	110339	2194411
383	110620	2193975
384	110906	2193653
385	111192	2193316
386	111517	2193747
387	111769	2192758
388	112061	2192544
389	112333	2191949
390	112614	2191513
391	112886	2190926
392	113181	2190776
393	113463	2190368
394	113741	2189888
395	114022	2189453
396	114346	2189871
397	114610	2189109
398	114859	2188081
399	115145	2187764
400	115433	2187475
401	115723	2187229
402	115980	2186353
403	116263	2185982
404	116543	2185546
405	116828	2185218
406	117130	2185190
407	117392	2184419
408	117659	2183745
409	117924	2183034
410	118188	2182318
411	118477	2182054
412	118757	2181631
413	119088	2182139
414	119376	2181856
415	119647	2181264
416	119945	2181170
417	120240	2181005
418	120478	2179820
419	120772	2179647
420	121038	2178973
421	121387	2179791
422	121691	2179808
423	121931	2178664
424	122231	2178598
425	122540	2178687
426	122845	2178715
427	123147	2178673
428	123424	2178198
429	123703	2177764
430	123972	2177135
431	124220	2176156
432	124501	2175760
433	124758	2174940
434	125027	2174329
435	125284	2173516
436	125546	2172792
437	125778	2171540
438	126050	2170990
439	126325	2170509
440	126624	2170424
441	126897	2169892
442	127170	2169357
443	127454	2169031
444	127732	2168573
445	128006	2168066
446	128264	2167303
447	128560	2167161
448	128853	2166984
449	129129	2166506
450	129409	2166103
451	129697	2165831
452	130013	2166028
453	130297	2165689
454	130576	2165275
455	130865	2165027
456	131138	2164501
457	131417	2164083
458	131693	2163624
459	131969	2163153
460	132251	2162784
461	132514	2162115
462	132800	2161808
463	133110	2161901
464	133468	2162770
465	133779	2162867
466	134067	2162589
467	134366	2162488
468	134659	2162296
469	134935	2161846
470	135228	2161646
471	135509	2161259
472	135786	2160806
473	136073	2160520
474	136341	2159943
475	136604	2159276
476	136877	2158758
477	137163	2158459
478	137439	2158002
479	137713	2157512
480	137997	2157185
481	138269	2156655
482	138545	2156210
483	138821	2155741
484	139089	2155162
485	139360	2154645
486	139637	2154207
487	139934	2154067
488	140216	2153707
489	140480	2153072
490	140753	2152589
491	141054	2152512
492	141335	2152148
493	141596	2151469
494	141864	2150892
495	142161	2150759
496	142446	2150458
497	142722	2150002
498	142997	2149548
499	143265	2148980
500	143619	2149700
501	143911	2149505
502	144207	2149351
503	144500	2149160
504	144778	2148736
505	145051	2148259
506	145324	2147763
507	145608	2147436
508	145904	2147294
509	146179	2146831
510	146440	2146171
511	146737	2146033
512	146998	2145380
513	147305	2145390
514	147584	2144984
515	147928	2145532
516	148219	2145315
517	148496	2144879
518	148804	2144904
519	149087	2144559
520	149371	2144234
521	149640	2143699
522	149890	2142895
523	150164	2142428
524	150429	2141835
525	150733	2141796
526	151007	2141329
527	151300	2141128
528	151580	2140753
529	151843	2140133
530	152147	2140092
531	152426	2139701
532	152725	2139590
533	153005	2139211
534	153291	2138911
535	153557	2138345
536	153836	2137949
537	154099	2137348
538	154384	2137033
539	154655	2136541
540	154922	2135988
541	155243	2136172
542	155532	2135918
543	155823	2135694
544	156089	2135127
545	156389	2135029
546	156685	2134881
547	156949	2134284
548	157211	2133666
549	157486	2133224
550	157763	2132811
551	158038	2132374
552	158299	2131750
553	158583	2131435
554	158847	2130844
555	159159	2130901
556	159435	2130478
557	159704	2129968
558	159970	2129416
559	160219	2128627
560	160501	2128290
561	160793	2128084
562	161068	2127644
563	161348	2127279
564	161637	2127030
565	161920	2126703
566	162201	2126350
567	162487	2126064
568	162752	2125507
569	163023	2125028
570	163294	2124545
571	163596	2124472
572	163883	2124194
573	164182	2124080
574	164459	2123675
575	164736	2123274
576	165009	2122815
577	165261	2122093
578	165542	2121743
579	165797	2121068
580	166076	2120687
581	166336	2120078
582	166599	2119501
583	166853	2118814
584	167123	2118321
585	167399	2117919
586	167693	2117733
587	167956	2117164
588	168229	2116715
589	168467	2115839
590	168738	2115365
591	168997	2114748
592	169261	2114193
593	169554	2114013
594	169840	2113731
595	170092	2113029
596	170363	2112568
597	170630	2112050
598	170901	2111590
599	171160	2110977
600	171452	2110771
601	171748	2110627
602	172036	2110367
603	172316	2110017
604	172589	2109587
605	172880	2109366
606	173146	2108850
607	173434	2108603
608	173701	2108090
609	173975	2107671
610	174269	2107493
611	174537	2107000
612	174804	2106493
613	175076	2106047
614	175357	2105710
615	175626	2105233
616	175899	2104803
617	176156	2104186
618	176416	2103604
619	176681	2103085
620	176967	2102807
621	177254	2102541
622	177542	2102297
623	177811	2101820
624	178099	2101574
625	178385	2101298
626	178650	2100781
627	178963	2100823
628	179224	2100258
629	179509	2099973
630	179773	2099450
631	180045	2099014
632	180316	2098565
633	180591	2098169
634	180858	2097674
635	181173	2097734
636	181455	2097418
637	181727	2096986
638	182011	2096693
639	182287	2096302
640	182552	2095790
641	182832	2095450
642	183124	2095251
643	183451	2095453
644	183719	2094967
645	183999	2094636
646	184275	2094244
647	184547	2093814
648	184851	2093748
649	185124	2093329
650	185395	2092891
651	185647	2092239
652	185929	2091916
653	186209	2091585
654	186480	2091138
655	186766	2090874
656	187062	2090716
657	187408	2091117
658	187677	2090653
659	187955	2090289
660	188217	2089750
661	188529	2089776
662	188837	2089740
663	189115	2089386
664	189385	2088940
665	189652	2088451
666	189926	2088054
667	190253	2088226
668	190522	2087773
669	190786	2087264
670	191089	2087173
671	191378	2086940
672	191674	2086775
673	191957	2086469
674	192231	2086071
675	192534	2085983
676	192797	2085454
677	193071	2085057
678	193338	2084585
679	193597	2084016
680	193844	2083326
681	194125	2083001
682	194394	2082553
683	194664	2082117
684	194976	2082123
685	195249	2081717
686	195523	2081315
687	195792	2080862
688	196074	2080547
689	196359	2080273
690	196633	2079877
691	196927	2079695
692	197215	2079439
693	197479	2078944
694	197731	2078312
695	198016	2078034
696	198313	2077882
697	198600	2077622
698	198892	2077412
699	199174	2077107
700	199461	2076845
701	199744	2076551
702	200028	2076257
703	200303	2075868
704	200580	2075514
705	200843	2074998
706	201117	2074615
707	201403	2074343
708	201692	2074107
709	201961	2073658
710	202246	2073384
711	202535	2073139
712	202819	2072858
713	203108	2072619
714	203394	2072347
715	203647	2071740
716	203912	2071257
717	204183	2070839
718	204454	2070417
719	204725	2069998
720	205009	2069713
721	205276	2069258
722	205572	2069093
723	205852	2068758
724	206124	2068349
725	206418	2068160
726	206690	2067759
727	206940	2067127
728	207236	2066960
729	207507	2066545
730	207772	2066071
731	208037	2065596
732	208276	2064862
733	208546	2064439
734	208814	2063996
735	209100	2063731
736	209379	2063392
737	209663	2063106
738	209932	2062677
739	210175	2061989
740	210466	2061774
741	210736	2061358
742	211031	2061180
743	211332	2061055
744	211612	2060740
745	211897	2060464
746	212172	2060092
747	212439	2059636
748	212713	2059262
749	212984	2058849
750	213258	2058466
751	213525	2058024
752	213827	2057912
753	214126	2057771
754	214410	2057489
755	214680	2057072
756	214967	2056813
757	215238	2056408
758	215507	2055986
759	215839	2056159
760	216135	2055985
761	216418	2055688
762	216694	2055330
763	216991	2055174
764	217286	2054993
765	217565	2054657
766	217833	2054224
767	218107	2053850
768	218390	2053556
769	218680	2053325
770	218944	2052856
771	219222	2052510
772	219511	2052275
773	219785	2051894
774	220064	2051572
775	220345	2051253
776	220620	2050892
777	220929	2050840
778	221203	2050466
779	221508	2050375
780	221797	2050137
781	222078	2049821
782	222374	2049655
783	222655	2049337
784	222950	2049160
785	223225	2048789
786	223503	2048446
787	223793	2048218
788	224050	2047690
789	224323	2047306
790	224605	2047001
791	224889	2046722
792	225188	2046571
793	225478	2046344
794	225774	2046171
795	226057	2045876
796	226337	2045557
797	226612	2045188
798	226866	2044641
799	227151	2044362
800	227435	2044084
801	227712	2043738
802	227977	2043280
803	228239	2042804
804	228521	2042497
805	228793	2042108
806	229066	2041726
807	229358	2041518
808	229650	2041307
809	229942	2041092
810	230197	2040556
811	230506	2040494
812	230764	2039984
813	231055	2039763
814	231325	2039356
815	231609	2039069
816	231885	2038716
817	232153	2038294
818	232451	2038139
819	232731	2037818
820	232983	2037254
821	233269	2036989
822	233553	2036713
823	233833	2036397
824	234116	2036100
825	234404	2035854
826	234678	2035489
827	234951	2035107
828	235220	2034699
829	235500	2034387
830	235776	2034036
831	236059	2033741
832	236324	2033302
833	236629	2033194
834	236935	2033105
835	237224	2032865
836	237509	2032592
837	237815	2032499
838	238114	2032345
839	238401	2032086
840	238694	2031887
841	239007	2031846
842	239296	2031606
843	239584	2031361
844	239873	2031116
845	240188	2031095
846	240474	2030829
847	240751	2030492
848	241033	2030189
849	241360	2030264
850	241643	2029979
851	241912	2029567
852	242186	2029202
853	242512	2029268
854	242791	2028942
855	243067	2028588
856	243335	2028171
857	243635	2028024
858	243898	2027568
859	244189	2027337
860	244461	2026958
861	244722	2026481
862	244978	2025969
863	245255	2025628
864	245539	2025347
865	245805	2024916
866	246089	2024634
867	246390	2024487
868	246678	2024237
869	246947	2023837
870	247239	2023613
871	247526	2023360
872	247819	2023151
873	248093	2022786
874	248353	2022306
875	248640	2022052
876	248927	2021793
877	249224	2021610
878	249484	2021133
879	249761	2020793
880	250025	2020352
881	250298	2019986
882	250574	2019638
883	250852	2019302
884	251123	2018916
885	251381	2018425
886	251665	2018149
887	251953	2017899
888	252235	2017600
889	252513	2017271
890	252791	2016937
891	253089	2016773
892	253394	2016655
893	253679	2016383
894	253930	2015842
895	254212	2015539
896	254497	2015269
897	254759	2014811
898	255043	2014528
899	255316	2014161
900	255596	2013848
901	255866	2013459
902	256159	2013249
903	256430	2012863
904	256703	2012502
905	256995	2012276
906	257264	2011880
907	257566	2011744
908	257846	2011432
909	258134	2011182
910	258396	2010724
911	258667	2010347
912	258946	2010023
913	259228	2009729
914	259507	2009407
915	259811	2009286
916	260093	2008985
917	260373	2008678
918	260634	2008215
919	260910	2007879
920	261199	2007631
921	261457	2007151
922	261710	2006632
923	261979	2006240
924	262261	2005946
925	262549	2005697
926	262809	2005232
927	263100	2005007
928	263393	2004796
929	263737	2004975
930	264033	2004784
931	264307	2004426
932	264631	2004448
933	264928	2004269
934	265217	2004025
935	265497	2003714
936	265780	2003425
937	266062	2003129
938	266372	2003044
939	266654	2002747
940	266926	2002377
941	267184	2001896
942	267482	2001722
943	267760	2001394
944	268034	2001041
945	268306	2000671
946	268578	2000303
947	268849	1999920
948	269133	1999640
949	269421	1999388
950	269705	1999108
951	269993	1998861
952	270237	1998282
953	270509	1997915
954	270778	1997520
955	271068	1997290
956	271357	1997041
957	271647	1996805
958	271927	1996494
959	272216	1996251
960	272497	1995948
961	272762	1995531
962	273033	1995156
963	273319	1994889
964	273576	1994417
965	273871	1994215
966	274142	1993844
967	274441	1993670
968	274714	1993307
969	275002	1993060
970	275288	1992795
971	275563	1992446
972	275878	1992394
973	276160	1992097
974	276425	1991681
975	276701	1991345
976	276953	1990833
977	277204	1990315
978	277448	1989752
979	277709	1989308
980	278066	1989550
981	278332	1989139
982	278610	1988819
983	278899	1988574
984	279166	1988172
985	279424	1987713
986	279691	1987313
987	279951	1986862
988	280231	1986555
989	280522	1986327
990	280785	1985897
991	281060	1985557
992	281329	1985173
993	281605	1984834
994	281919	1984769
995	282193	1984417
996	282483	1984183
997	282732	1983663
998	283046	1983589
999	283332	1983324
1000	283609	1982999
1001	283883	1982653
1002	284169	1982385
1003	284442	1982032
1004	284719	1981703
1005	284970	1981195
1006	285213	1980635
1007	285494	1980337
1008	285789	1980130
1009	286103	1980066
1010	286381	1979741
1011	286663	1979452
1012	286941	1979129
1013	287211	1978757
1014	287482	1978392
1015	287780	1978210
1016	288082	1978050
1017	288371	1977809
1018	288666	1977608
1019	288939	1977253
1020	289190	1976746
1021	289442	1976253
1022	289713	1975884
1023	289974	1975450
1024	290241	1975060
1025	290530	1974817
1026	290826	1974619
1027	291109	1974332
1028	291377	1973950
1029	291662	1973674
1030	291949	1973422
1031	292217	1973035
1032	292484	1972644
1033	292761	1972314
1034	293049	1972070
1035	293328	1971755
1036	293605	1971432
1037	293874	1971056
1038	294155	1970758
1039	294436	1970458
1040	294721	1970187
1041	295000	1969880
1042	295272	1969519
1043	295551	1969213
1044	295843	1968989
1045	296136	1968766
1046	296385	1968260
1047	296677	1968038
1048	296983	1967903
1049	297266	1967618
1050	297537	1967259
1051	297809	1966901
1052	298094	1966632
1053	298382	1966380
1054	298659	1966054
1055	298918	1965614
1056	299191	1965268
1057	299465	1964924
1058	299745	1964621
1059	300052	1964495
1060	300338	1964229
1061	300607	1963858
1062	300908	1963690
1063	301186	1963373
1064	301462	1963043
1065	301756	1962833
1066	302043	1962572
1067	302311	1962194
1068	302595	1961917
1069	302879	1961637
1070	303174	1961431
1071	303441	1961047
1072	303720	1960735
1073	304010	1960501
1074	304286	1960171
1075	304568	1959878
1076	304829	1959458
1077	305095	1959062
1078	305360	1958662
1079	305624	1958262
1080	305910	1957994
1081	306182	1957642
1082	306456	1957303
1083	306746	1957066
1084	307017	1956702
1085	307283	1956312
1086	307563	1956014
1087	307852	1955769
1088	308124	1955413
1089	308401	1955093
1090	308689	1954843
1091	308971	1954556
1092	309244	1954212
1093	309497	1953738
1094	309773	1953412
1095	310073	1953236
1096	310385	1953136
1097	310672	1952882
1098	310966	1952667
1099	311242	1952337
1100	311519	1952019
1101	311822	1951859
1102	312101	1951554
1103	312384	1951272
1104	312665	1950975
1105	312983	1950913
1106	313245	1950496
1107	313526	1950203
1108	313795	1949831
1109	314074	1949528
1110	314369	1949315
1111	314635	1948929
1112	314931	1948729
1113	315216	1948458
1114	315479	1948051
1115	315759	1947750
1116	316054	1947540
1117	316335	1947245
1118	316605	1946884
1119	316862	1946441
1120	317147	1946168
1121	317414	1945789
1122	317682	1945416
1123	317935	1944949
1124	318200	1944556
1125	318486	1944294
1126	318753	1943913
1127	319040	1943655
1128	319349	1943535
1129	319629	1943233
1130	319898	1942868
1131	320163	1942474
1132	320436	1942131
1133	320685	1941644
1134	320945	1941227
1135	321224	1940921
1136	321474	1940441
1137	321737	1940039
1138	322045	1939909
1139	322306	1939496
1140	322628	1939447
1141	322902	1939112
1142	323220	1939037
1143	323519	1938852
1144	323798	1938550
1145	324086	1938295
1146	324373	1938040
1147	324646	1937695
1148	324909	1937299
1149	325200	1937066
1150	325475	1936736
1151	325757	1936444
1152	326050	1936226
1153	326337	1935969
1154	326602	1935577
1155	326888	1935315
1156	327161	1934972
1157	327409	1934485
1158	327694	1934219
1159	327978	1933944
1160	328262	1933665
1161	328529	1933293
1162	328804	1932965
1163	329090	1932702
1164	329391	1932527
1165	329662	1932175
1166	329939	1931856
1167	330217	1931543
1168	330489	1931199
1169	330769	1930901
1170	331044	1930571
1171	331315	1930222
1172	331572	1929793
1173	331845	1929454
1174	332131	1929189
1175	332404	1928847
1176	332661	1928422
1177	332935	1928087
1178	333221	1927824
1179	333512	1927591
1180	333798	1927327
1181	334086	1927073
1182	334343	1926644
1183	334623	1926347
1184	334885	1925944
1185	335163	1925635
1186	335404	1925116
1187	335675	1924766
1188	335980	1924614
1189	336264	1924334
1190	336555	1924101
1191	336836	1923810
1192	337103	1923442
1193	337373	1923086
1194	337647	1922754
1195	337915	1922388
1196	338237	1922333
1197	338515	1922024
1198	338776	1921615
1199	339055	1921314
1200	339321	1920941
1201	339600	1920636
1202	339871	1920286
1203	340151	1919990
1204	340417	1919617
1205	340710	1919394
1206	341004	1919173
1207	341283	1918874
1208	341570	1918613
1209	341845	1918291
1210	342119	1917959
1211	342404	1917689
1212	342682	1917380
1213	342998	1917286
1214	343269	1916939
1215	343579	1916810
1216	343857	1916503
1217	344148	1916266
1218	344420	1915928
1219	344699	1915622
1220	344981	1915339
1221	345261	1915044
1222	345515	1914603
1223	345804	1914358
1224	346095	1914120
1225	346376	1913828
1226	346647	1913482
1227	346922	1913159
1228	347185	1912770
1229	347447	1912374
1230	347723	1912055
1231	347987	1911674
1232	348265	1911365
1233	348550	1911095
1234	348843	1910870
1235	349120	1910560
1236	349424	1910394
1237	349712	1910141
1238	350022	1910011
1239	350312	1909768
1240	350600	1909515
1241	350907	1909368
1242	351185	1909056
1243	351447	1908665
1244	351720	1908330
1245	351997	1908020
1246	352276	1907718
1247	352563	1907459
1248	352822	1907051
1249	353097	1906725
1250	353371	1906396
1251	353664	1906171
1252	353963	1905978
1253	354249	1905714
1254	354531	1905428
1255	354781	1904975
1256	355074	1904745
1257	355334	1904344
1258	355620	1904083
1259	355898	1903776
1260	356205	1903623
1261	356474	1903267
1262	356727	1902829
1263	357021	1902609
1264	357289	1902247
1265	357563	1901923
1266	357843	1901624
1267	358129	1901362
1268	358394	1900987
1269	358667	1900652
1270	358936	1900300
1271	359219	1900022
1272	359493	1899695
1273	359772	1899394
1274	360052	1899098
1275	360306	1898668
1276	360600	1898447
1277	360911	1898314
1278	361206	1898097
1279	361473	1897736
1280	361725	1897293
1281	362024	1897099
1282	362287	1896712
1283	362567	1896420
1284	362844	1896111
1285	363130	1895845
1286	363403	1895517
1287	363664	1895122
1288	363951	1894864
1289	364195	1894380
1290	364452	1893967
1291	364726	1893641
1292	364997	1893298
1293	365308	1893166
1294	365584	1892851
1295	365851	1892491
1296	366145	1892269
1297	366426	1891981
1298	366691	1891609
1299	366967	1891292
1300	367234	1890932
1301	367508	1890606
1302	367794	1890346
1303	368098	1890171
1304	368353	1889752
1305	368628	1889432
1306	368914	1889171
1307	369199	1888899
1308	369480	1888611
1309	369753	1888285
1310	370040	1888023
1311	370294	1887599
1312	370568	1887275
1313	370838	1886931
1314	371100	1886546
1315	371384	1886271
1316	371679	1886055
1317	371958	1885753
1318	372239	1885469
1319	372550	1885332
1320	372844	1885106
1321	373121	1884800
1322	373404	1884522
1323	373682	1884218
1324	373964	1883932
1325	374247	1883654
1326	374519	1883322
1327	374795	1883010
1328	375120	1882940
1329	375395	1882620
1330	375664	1882276
1331	375934	1881932
1332	376215	1881643
1333	376490	1881321
1334	376758	1880968
1335	377036	1880665
1336	377312	1880355
1337	377596	1880079
1338	377911	1879960
1339	378193	1879679
1340	378491	1879474
1341	378785	1879247
1342	379069	1878974
1343	379357	1878720
1344	379638	1878432
1345	379941	1878256
1346	380275	1878228
1347	380567	1877995
1348	380848	1877703
1349	381144	1877488
1350	381435	1877249
1351	381725	1877003
1352	382016	1876763
1353	382297	1876478
1354	382580	1876197
1355	382866	1875935
1356	383142	1875618
1357	383428	1875354
1358	383732	1875176
1359	384033	1874987
1360	384309	1874674
1361	384582	1874347
1362	384868	1874078
1363	385139	1873744
1364	385414	1873423
1365	385688	1873101
1366	385967	1872802
1367	386251	1872527
1368	386523	1872196
1369	386827	1872019
1370	387081	1871601
1371	387377	1871382
1372	387650	1871056
1373	387932	1870773
1374	388208	1870460
1375	388508	1870263
1376	388812	1870082
1377	389096	1869810
1378	389364	1869457
1379	389650	1869190
1380	389939	1868941
1381	390230	1868703
1382	390492	1868323
1383	390766	1868000
1384	391043	1867689
1385	391310	1867335
1386	391582	1867002
1387	391875	1866772
1388	392145	1866430
1389	392433	1866176
1390	392725	1865940
1391	393002	1865633
1392	393292	1865384
1393	393582	1865139
1394	393907	1865059
1395	394187	1864764
1396	394485	1864559
1397	394757	1864226
1398	395076	1864117
1399	395384	1863955
1400	395657	1863626
1401	395942	1863356
1402	396223	1863069
1403	396499	1862758
1404	396779	1862460
1405	397075	1862245
1406	397356	1861954
1407	397614	1861556
1408	397883	1861214
1409	398131	1860770
1410	398413	1860486
1411	398676	1860115
1412	398951	1859797
1413	399226	1859481
1414	399484	1859084
1415	399764	1858790
1416	400031	1858436
1417	400313	1858155
1418	400613	1857956
1419	400914	1857759
1420	401197	1857477
1421	401431	1856973
1422	401708	1856665
1423	401982	1856348
1424	402277	1856120
1425	402553	1855812
1426	402840	1855550
1427	403136	1855329
1428	403444	1855169
1429	403714	1854827
1430	403986	1854499
1431	404281	1854273
1432	404514	1853764
1433	404761	1853323
1434	405029	1852972
1435	405303	1852652
1436	405572	1852309
1437	405857	1852043
1438	406134	1851738
1439	406417	1851456
1440	406708	1851217
1441	406972	1850849
1442	407258	1850584
1443	407533	1850269
1444	407802	1849926
1445	408083	1849639
1446	408363	1849348
1447	408640	1849042
1448	408927	1848780
1449	409185	1848390
1450	409480	1848164
1451	409793	1848020
1452	410069	1847713
1453	410341	1847383
1454	410619	1847082
1455	410891	1846752
1456	411170	1846458
1457	411433	1846088
1458	411747	1845947
1459	412031	1845676
1460	412304	1845354
1461	412591	1845090
1462	412858	1844743
1463	413133	1844424
1464	413397	1844065
1465	413645	1843627
1466	413917	1843301
1467	414197	1843010
1468	414447	1842586
1469	414727	1842292
1470	415007	1842000
1471	415283	1841692
1472	415578	1841466
1473	415901	1841367
1474	416172	1841034
1475	416427	1840633
1476	416690	1840266
1477	416955	1839909
1478	417249	1839675
1479	417523	1839359
1480	417830	1839188
1481	418096	1838833
1482	418366	1838499
1483	418657	1838256
1484	418933	1837948
1485	419203	1837613
1486	419485	1837327
1487	419755	1836995
1488	420039	1836720
1489	420308	1836381
1490	420593	1836110
1491	420869	1835804
1492	421163	1835571
1493	421431	1835227
1494	421700	1834889
1495	421996	1834669
1496	422267	1834338
1497	422566	1834130
1498	422850	1833856
1499	423124	1833538
1500	423407	1833261
1501	423671	1832901
1502	423934	1832536
1503	424187	1832127
1504	424461	1831812
1505	424722	1831441
1506	425011	1831188
1507	425290	1830891
1508	425565	1830579
1509	425834	1830243
1510	426113	1829947
1511	426414	1829745
1512	426697	1829470
1513	426967	1829134
1514	427238	1828804
1515	427504	1828455
1516	427746	1828000
1517	428029	1827723
1518	428298	1827386
1519	428584	1827121
1520	428850	1826774
1521	429121	1826442
1522	429389	1826103
1523	429679	1825856
1524	429949	1825521
1525	430215	1825172
1526	430479	1824817
1527	430752	1824495
1528	431037	1824228
1529	431321	1823954
1530	431590	1823619
1531	431859	1823279
1532	432120	1822910
1533	432390	1822579
1534	432682	1822341
1535	432976	1822109
1536	433266	1821859
1537	433541	1821550
1538	433830	1821299
1539	434124	1821068
1540	434432	1820896
1541	434727	1820667
1542	435008	1820383
1543	435297	1820130
1544	435570	1819811
1545	435865	1819584
1546	436171	1819401
1547	436461	1819155
1548	436738	1818851
1549	437039	1818647
1550	437322	1818370
1551	437611	1818118
1552	437931	1817994
1553	438197	1817643
1554	438485	1817387
1555	438767	1817106
1556	439038	1816779
1557	439309	1816450
1558	439609	1816244
1559	439885	1815937
1560	440168	1815660
1561	440409	1815208
1562	440705	1814983
1563	441001	1814759
1564	441268	1814417
1565	441531	1814056
1566	441800	1813720
1567	442053	1813321
1568	442337	1813047
1569	442627	1812800
1570	442910	1812520
1571	443200	1812274
1572	443458	1811894
1573	443749	1811650
1574	444004	1811256
1575	444270	1810911
1576	444549	1810615
1577	444840	1810369
1578	445112	1810049
1579	445393	1809764
1580	445691	1809545
1581	445948	1809164
1582	446213	1808813
1583	446528	1808667
1584	446791	1808306
1585	447061	1807978
1586	447365	1807783
1587	447650	1807516
1588	447952	1807315
1589	448244	1807075
1590	448521	1806771
1591	448805	1806498
1592	449090	1806227
1593	449363	1805912
1594	449642	1805617
1595	449931	1805363
1596	450219	1805106
1597	450499	1804817
1598	450783	1804542
1599	451067	1804269
1600	451361	1804034
1601	451649	1803779
1602	451946	1803556
1603	452233	1803296
1604	452510	1802991
1605	452779	1802659
1606	453080	1802452
1607	453346	1802109
1608	453628	1801827
1609	453933	1801636
1610	454220	1801374
1611	454504	1801101
1612	454767	1800743
1613	455072	1800552
1614	455389	1800410
1615	455670	1800125
1616	455953	1799845
1617	456245	1799603
1618	456504	1799232
1619	456780	1798925
1620	457058	1798626
1621	457349	1798381
1622	457622	1798063
1623	457906	1797790
1624	458202	1797563
1625	458463	1797200
1626	458727	1796846
1627	458974	1796429
1628	459244	1796101
1629	459510	1795755
1630	459778	1795418
1631	460119	1795368
1632	460380	1795006
1633	460654	1794693
1634	460945	1794446
1635	461224	1794152
1636	461498	1793838
1637	461793	1793608
1638	462070	1793307
1639	462340	1792979
1640	462674	1792898
1641	462979	1792705
1642	463264	1792436
1643	463548	1792163
1644	463852	1791964
1645	464124	1791646
1646	464401	1791344
1647	464688	1791081
1648	464947	1790710
1649	465224	1790408
1650	465513	1790156
1651	465801	1789897
1652	466086	1789627
1653	466339	1789231
1654	466598	1788860
1655	466871	1788546
1656	467141	1788220
1657	467415	1787905
1658	467695	1787615
1659	467973	1787320
1660	468255	1787040
1661	468545	1786789
1662	468822	1786487
1663	469104	1786205
1664	469392	1785946
1665	469664	1785628
1666	469943	1785333
1667	470215	1785012
1668	470531	1784861
1669	470818	1784598
1670	471078	1784235
1671	471346	1783899
1672	471611	1783554
1673	471900	1783299
1674	472172	1782980
1675	472449	1782678
1676	472717	1782345
1677	472991	1782033
1678	473290	1781815
1679	473566	1781511
1680	473831	1781165
1681	474090	1780800
1682	474323	1780334
1683	474607	1780060
1684	474881	1779748
1685	475168	1779487
1686	475492	1779363
1687	475761	1779033
1688	476052	1778786
1689	476293	1778350
1690	476553	1777987
1691	476828	1777679
1692	477111	1777401
1693	477387	1777097
1694	477657	1776771
1695	477924	1776434
1696	478194	1776110
1697	478489	1775879
1698	478799	1775699
1699	479074	1775394
1700	479353	1775101
1701	479642	1774848
1702	479920	1774549
1703	480197	1774249
1704	480473	1773949
1705	480761	1773687
1706	481031	1773362
1707	481310	1773072
1708	481572	1772717
1709	481820	1772311
1710	482113	1772071
1711	482417	1771868
1712	482712	1771636
1713	482991	1771343
1714	483270	1771052
1715	483551	1770766
1716	483838	1770506
1717	484097	1770139
1718	484380	1769863
1719	484645	1769519
1720	484930	1769248
1721	485231	1769037
1722	485510	1768744
1723	485765	1768365
1724	486030	1768025
1725	486316	1767758
1726	486597	1767472
1727	486891	1767234
1728	487167	1766932
1729	487441	1766621
1730	487729	1766365
1731	488001	1766047
1732	488245	1765629
1733	488531	1765364
1734	488808	1765061
1735	489082	1764753
1736	489360	1764458
1737	489636	1764157
1738	489911	1763849
1739	490184	1763538
1740	490461	1763238
1741	490775	1763073
1742	491058	1762795
1743	491360	1762587
1744	491625	1762244
1745	491909	1761970
1746	492203	1761732
1747	492470	1761400
1748	492743	1761086
1749	493045	1760877
1750	493319	1760567
1751	493584	1760224
1752	493862	1759929
1753	494154	1759686
1754	494422	1759356
1755	494720	1759131
1756	495010	1758879
1757	495301	1758630
1758	495579	1758333
1759	495865	1758069
1760	496158	1757826
1761	496428	1757502
1762	496716	1757243
1763	496997	1756959
1764	497256	1756596
1765	497549	1756353
1766	497819	1756033
1767	498087	1755700
1768	498351	1755356
1769	498640	1755102
1770	498920	1754814
1771	499212	1754569
1772	499481	1754242
1773	499776	1754006
1774	500046	1753683
1775	500313	1753349
1776	500584	1753033
1777	500856	1752714
1778	501149	1752472
1779	501422	1752163
1780	501704	1751880
1781	501986	1751599
1782	502252	1751264
1783	502529	1750967
1784	502811	1750683
1785	503109	1750461
1786	503392	1750183
1787	503669	1749886
1788	503961	1749637
1789	504224	1749294
1790	504492	1748962
1791	504773	1748680
1792	505058	1748407
1793	505346	1748148
1794	505618	1747833
1795	505897	1747542
1796	506163	1747207
1797	506429	1746871
1798	506723	1746632
1799	506996	1746321
1800	507276	1746033
1801	507556	1745746
1802	507855	1745524
1803	508149	1745285
1804	508441	1745039
1805	508764	1744897
1806	509044	1744610
1807	509304	1744255
1808	509579	1743951
1809	509853	1743642
1810	510127	1743336
1811	510386	1742976
1812	510654	1742645
1813	510940	1742380
1814	511232	1742134
1815	511638	1742275
1816	511945	1742081
1817	512221	1741777
1818	512523	1741567
1819	512791	1741235
1820	513044	1740858
1821	513317	1740546
1822	513582	1740208
1823	513858	1739907
1824	514114	1739537
1825	514382	1739211
1826	514686	1739002
1827	514960	1738695
1828	515249	1738440
1829	515534	1738166
1830	515812	1737873
1831	516093	1737589
1832	516364	1737272
1833	516633	1736947
1834	516908	1736642
1835	517227	1736487
1836	517510	1736210
1837	517798	1735949
1838	518067	1735623
1839	518343	1735322
1840	518568	1734851
1841	518849	1734568
1842	519134	1734297
1843	519418	1734022
1844	519707	1733765
1845	519992	1733496
1846	520247	1733126
1847	520521	1732817
1848	520811	1732563
1849	521116	1732361
1850	521385	1732036
1851	521651	1731703
1852	521970	1731544
1853	522234	1731204
1854	522517	1730928
1855	522822	1730723
1856	523099	1730426
1857	523372	1730113
1858	523648	1729815
1859	523959	1729629
1860	524248	1729370
1861	524550	1729156
1862	524870	1729001
1863	525159	1728742
1864	525425	1728411
1865	525696	1728094
1866	525960	1727753
1867	526215	1727383
1868	526459	1726979
1869	526765	1726777
1870	527033	1726451
1871	527329	1726215
1872	527622	1725971
1873	527897	1725665
1874	528170	1725358
1875	528469	1725132
1876	528746	1724833
1877	529029	1724556
1878	529345	1724386
1879	529652	1724188
1880	529945	1723943
1881	530222	1723645
1882	530495	1723334
1883	530774	1723046
1884	531049	1722742
1885	531359	1722552
1886	531625	1722219
1887	531903	1721924
1888	532186	1721648
1889	532480	1721404
1890	532787	1721205
1891	533061	1720898
1892	533332	1720582
1893	533589	1720221
1894	533880	1719967
1895	534144	1719631
1896	534419	1719324
1897	534767	1719257
1898	535088	1719101
1899	535358	1718781
1900	535624	1718449
1901	535902	1718155
1902	536184	1717874
1903	536460	1717574
1904	536756	1717340
1905	537039	1717060
1906	537323	1716785
1907	537597	1716478
1908	537862	1716145
1909	538129	1715817
1910	538392	1715475
1911	538672	1715186
1912	538955	1714910
1913	539255	1714686
1914	539548	1714438
1915	539815	1714112
1916	540099	1713837
1917	540364	1713501
1918	540655	1713248
1919	540918	1712909
1920	541195	1712613
1921	541482	1712345
1922	541757	1712044
1923	542030	1711735
1924	542331	1711514
1925	542619	1711250
1926	542871	1710876
1927	543165	1710633
1928	543454	1710373
1929	543727	1710066
1930	544015	1709801
1931	544306	1709550
1932	544616	1709357
1933	544918	1709140
1934	545240	1708983
1935	545513	1708673
1936	545804	1708422
1937	546075	1708107
1938	546379	1707893
1939	546652	1707586
1940	546929	1707289
1941	547229	1707062
1942	547501	1706750
1943	547792	1706496
1944	548088	1706259
1945	548341	1705887
1946	548608	1705561
1947	548868	1705212
1948	549136	1704886
1949	549401	1704554
1950	549644	1704150
1951	549928	1703878
1952	550183	1703513
1953	550447	1703176
1954	550744	1702941
1955	551019	1702638
1956	551288	1702319
1957	551586	1702085
1958	551874	1701824
1959	552135	1701480
1960	552416	1701193
1961	552705	1700935
1962	552990	1700663
1963	553257	1700337
1964	553534	1700041
1965	553821	1699775
1966	554103	1699494
1967	554374	1699181
1968	554680	1698972
1969	554970	1698717
1970	555242	1698405
1971	555492	1698025
1972	555769	1697731
1973	556068	1697501
1974	556383	1697322
1975	556666	1697043
1976	556943	1696746
1977	557212	1696427
1978	557479	1696100
1979	557783	1695886
1980	558082	1695658
1981	558368	1695388
1982	558645	1695094
1983	558951	1694885
1984	559239	1694621
1985	559522	1694344
1986	559845	1694189
1987	560131	1693919
1988	560405	1693612
1989	560677	1693301
1990	560950	1692993
1991	561222	1692682
1992	561489	1692357
1993	561756	1692029
1994	562046	1691772
1995	562332	1691505
1996	562635	1691286
1997	562902	1690959
1998	563168	1690632
1999	563460	1690380
2000	563747	1690115
2001	564047	1689887
2002	564321	1689582
2003	564603	1689301
2004	564904	1689077
2005	565186	1688797
2006	565496	1688600
2007	565771	1688299
2008	566072	1688073
2009	566309	1687658
2010	566587	1687366
2011	566887	1687139
2012	567162	1686835
2013	567475	1686648
2014	567757	1686365
2015	568066	1686166
2016	568347	1685882
2017	568619	1685570
2018	568878	1685222
2019	569160	1684941
2020	569423	1684603
2021	569694	1684290
2022	569972	1683995
2023	570279	1683790
2024	570573	1683545
2025	570854	1683259
2026	571136	1682977
2027	571443	1682771
2028	571726	1682493
2029	572029	1682273
2030	572322	1682026
2031	572605	1681745
2032	572865	1681400
2033	573140	1681099
2034	573404	1680765
2035	573696	1680513
2036	573963	1680189
2037	574243	1679902
2038	574512	1679582
2039	574814	1679359
2040	575098	1679084
2041	575371	1678777
2042	575663	1678526
2043	575950	1678260
2044	576224	1677955
2045	576513	1677693
2046	576799	1677424
2047	577103	1677206
2048	577366	1676870
2049	577635	1676550
2050	577926	1676296
2051	578227	1676069
2052	578531	1675853
2053	578830	1675620
2054	579106	1675323
2055	579386	1675035
2056	579672	1674765
2057	579966	1674518
2058	580240	1674214
2059	580524	1673940
2060	580799	1673638
2061	581075	1673338
2062	581354	1673048
2063	581627	1672741
2064	581922	1672498
2065	582228	1672285
2066	582511	1672008
2067	582801	1671751
2068	583073	1671438
2069	583417	1671337
2070	583677	1670990
2071	583971	1670743
2072	584264	1670494
2073	584552	1670230
2074	584844	1669977
2075	585150	1669764
2076	585451	1669538
2077	585719	1669217
2078	585975	1668860
2079	586236	1668519
2080	586502	1668193
2081	586779	1667895
2082	587063	1667621
2083	587333	1667304
2084	587614	1667020
2085	587876	1666684
2086	588185	1666479
2087	588469	1666203
2088	588762	1665953
2089	589067	1665737
2090	589346	1665445
2091	589644	1665210
2092	589937	1664959
2093	590212	1664659
2094	590486	1664355
2095	590786	1664123
2096	591062	1663824
2097	591348	1663555
2098	591628	1663267
2099	591900	1662958
2100	592170	1662643
2101	592468	1662407
2102	592741	1662101
2103	593030	1661839
2104	593291	1661498
2105	593559	1661176
2106	593816	1660825
2107	594080	1660495
2108	594379	1660259
2109	594688	1660053
2110	594978	1659795
2111	595247	1659476
2112	595526	1659188
2113	595795	1658871
2114	596057	1658532
2115	596333	1658234
2116	596626	1657985
2117	596917	1657728
2118	597196	1657438
2119	597472	1657141
2120	597757	1656868
2121	598029	1656559
2122	598292	1656225
2123	598558	1655900
2124	598832	1655595
2125	599114	1655313
2126	599380	1654990
2127	599653	1654683
2128	599943	1654424
2129	600200	1654072
2130	600491	1653815
2131	600751	1653474
2132	601028	1653180
2133	601323	1652934
2134	601593	1652619
2135	601899	1652404
2136	602169	1652090
2137	602441	1651784
2138	602722	1651498
2139	603022	1651268
2140	603318	1651025
2141	603608	1650764
2142	603881	1650457
2143	604168	1650190
2144	604437	1649874
2145	604732	1649629
2146	605001	1649312
2147	605285	1649035
2148	605556	1648726
2149	605804	1648352
2150	606087	1648072
2151	606390	1647848
2152	606655	1647520
2153	606918	1647190
2154	607189	1646878
2155	607451	1646542
2156	607725	1646240
2157	608022	1645999
2158	608303	1645715
2159	608592	1645453
2160	608936	1645339
2161	609234	1645101
2162	609522	1644836
2163	609812	1644577
2164	610101	1644315
2165	610358	1643965
2166	610633	1643666
2167	610910	1643373
2168	611209	1643135
2169	611487	1642844
2170	611771	1642568
2171	612063	1642313
2172	612346	1642035
2173	612620	1641733
2174	612900	1641445
2175	613174	1641144
2176	613446	1640834
2177	613705	1640493
2178	613971	1640169
2179	614251	1639881
2180	614513	1639546
2181	614798	1639274
2182	615070	1638967
2183	615352	1638685
2184	615628	1638388
2185	615915	1638121
2186	616200	1637848
2187	616471	1637538
2188	616763	1637284
2189	617036	1636978
2190	617315	1636688
2191	617583	1636370
2192	617866	1636092
2193	618141	1635793
2194	618398	1635445
2195	618689	1635187
2196	618977	1634923
2197	619273	1634678
2198	619550	1634383
2199	619821	1634074
2200	620109	1633809
2201	620400	1633551
2202	620704	1633329
2203	620983	1633039
2204	621267	1632764
2205	621574	1632547
2206	621864	1632288
2207	622145	1632003
2208	622400	1631653
2209	622676	1631354
2210	622963	1631089
2211	623252	1630824
2212	623535	1630547
2213	623823	1630280
2214	624107	1630004
2215	624366	1629664
2216	624660	1629415
2217	624923	1629082
2218	625213	1628824
2219	625477	1628496
2220	625785	1628280
2221	626095	1628074
2222	626377	1627793
2223	626645	1627475
2224	626947	1627246
2225	627214	1626926
2226	627483	1626610
2227	627779	1626365
2228	628064	1626093
2229	628441	1626058
2230	628736	1625809
2231	628994	1625467
2232	629241	1625094
2233	629475	1624688
2234	629763	1624424
2235	630037	1624121
2236	630341	1623896
2237	630629	1623631
2238	630902	1623327
2239	631175	1623023
2240	631456	1622738
2241	631734	1622446
2242	632017	1622168
2243	632319	1621939
2244	632589	1621626
2245	632863	1621325
2246	633160	1621083
2247	633455	1620835
2248	633724	1620519
2249	633973	1620154
2250	634206	1619749
2251	634486	1619461
2252	634771	1619188
2253	635042	1618880
2254	635297	1618528
2255	635564	1618210
2256	635861	1617966
2257	636143	1617685
2258	636469	1617518
2259	636766	1617273
2260	637027	1616940
2261	637301	1616639
2262	637577	1616342
2263	637866	1616079
2264	638171	1615856
2265	638467	1615609
2266	638751	1615334
2267	639041	1615072
2268	639324	1614795
2269	639618	1614542
2270	639923	1614321
2271	640200	1614027
2272	640442	1613644
2273	640759	1613451
2274	641017	1613108
2275	641295	1612819
2276	641582	1612549
2277	641855	1612245
2278	642119	1611919
2279	642409	1611659
2280	642700	1611399
2281	643005	1611176
2282	643298	1610922
2283	643587	1610658
2284	643877	1610398
2285	644174	1610155
2286	644450	1609858
2287	644758	1609642
2288	645042	1609365
2289	645299	1609022
2290	645567	1608706
2291	645830	1608375
2292	646110	1608091
2293	646388	1607799
2294	646664	1607504
2295	646943	1607215
2296	647208	1606890
2297	647477	1606577
2298	647758	1606294
2299	648065	1606074
2300	648372	1605856
2301	648658	1605583
2302	648926	1605269
2303	649208	1604987
2304	649499	1604727
2305	649783	1604453
2306	650069	1604180
2307	650349	1603895
2308	650615	1603575
2309	650901	1603302
2310	651173	1602996
2311	651455	1602715
2312	651727	1602410
2313	652022	1602160
2314	652291	1601847
2315	652570	1601558
2316	652849	1601270
2317	653122	1600967
2318	653398	1600671
2319	653681	1600393
2320	653951	1600082
2321	654220	1599768
2322	654504	1599492
2323	654770	1599173
2324	655042	1598867
2325	655314	1598561
2326	655577	1598233
2327	655866	1597969
2328	656110	1597595
2329	656378	1597280
2330	656666	1597014
2331	656949	1596736
2332	657208	1596398
2333	657489	1596115
2334	657768	1595827
2335	658077	1595611
2336	658378	1595377
2337	658655	1595083
2338	658934	1594796
2339	659206	1594491
2340	659511	1594264
2341	659796	1593992
2342	660090	1593739
2343	660346	1593395
2344	660612	1593077
2345	660868	1592733
2346	661125	1592392
2347	661390	1592070
2348	661674	1591792
2349	661981	1591572
2350	662268	1591303
2351	662581	1591097
2352	662849	1590782
2353	663100	1590426
2354	663375	1590130
2355	663631	1589787
2356	663887	1589443
2357	664178	1589182
2358	664455	1588891
2359	664742	1588622
2360	665024	1588341
2361	665286	1588011
2362	665586	1587773
2363	665867	1587490
2364	666152	1587217
2365	666415	1586891
2366	666701	1586620
2367	666994	1586366
2368	667296	1586132
2369	667570	1585831
2370	667826	1585488
2371	668096	1585180
2372	668385	1584916
2373	668658	1584613
2374	668979	1584425
2375	669251	1584119
2376	669535	1583843
2377	669825	1583582
2378	670117	1583325
2379	670405	1583058
2380	670699	1582805
2381	670985	1582533
2382	671282	1582287
2383	671537	1581944
2384	671789	1581592
2385	672056	1581275
2386	672316	1580943
2387	672604	1580676
2388	672894	1580415
2389	673187	1580160
2390	673470	1579881
2391	673764	1579627
2392	674074	1579413
2393	674366	1579156
2394	674638	1578851
2395	674933	1578601
2396	675218	1578327
2397	675509	1578066
2398	675807	1577822
2399	676060	1577473
2400	676353	1577219
2401	676614	1576889
2402	676890	1576594
2403	677151	1576263
2404	677415	1575942
2405	677695	1575656
2406	677977	1575376
2407	678244	1575059
2408	678518	1574759
2409	678788	1574451
2410	679071	1574171
2411	679349	1573883
2412	679679	1573713
2413	679972	1573456
2414	680250	1573167
2415	680536	1572895
2416	680849	1572686
2417	681132	1572408
2418	681425	1572152
2419	681752	1571973
2420	682029	1571681
2421	682315	1571410
2422	682611	1571160
2423	682889	1570870
2424	683159	1570561
2425	683445	1570290
2426	683710	1569971
2427	684004	1569717
2428	684306	1569482
2429	684573	1569166
2430	684851	1568875
2431	685125	1568577
2432	685397	1568272
2433	685674	1567979
2434	685941	1567664
2435	686238	1567418
2436	686527	1567152
2437	686810	1566873
2438	687084	1566574
2439	687387	1566341
2440	687656	1566030
2441	687946	1565769
2442	688220	1565469
2443	688485	1565150
2444	688751	1564831
2445	689048	1564585
2446	689363	1564378
2447	689636	1564076
2448	689893	1563738
2449	690170	1563446
2450	690449	1563159
2451	690736	1562889
2452	691036	1562649
2453	691324	1562383
2454	691618	1562128
2455	691898	1561841
2456	692182	1561566
2457	692462	1561280
2458	692743	1560995
2459	693019	1560703
2460	693300	1560418
2461	693583	1560139
2462	693876	1559883
2463	694176	1559643
2464	694456	1559357
2465	694732	1559063
2466	694995	1558739
2467	695264	1558428
2468	695543	1558141
2469	695827	1557864
2470	696100	1557563
2471	696379	1557275
2472	696702	1557086
2473	696946	1556719
2474	697223	1556428
2475	697499	1556133
2476	697774	1555837
2477	698053	1555550
2478	698314	1555221
2479	698585	1554916
2480	698892	1554690
2481	699158	1554373
2482	699423	1554055
2483	699690	1553741
2484	699974	1553464
2485	700247	1553163
2486	700533	1552891
2487	700803	1552584
2488	701110	1552358
2489	701381	1552053
2490	701657	1551758
2491	701957	1551518
2492	702249	1551258
2493	702530	1550974
2494	702798	1550663
2495	703070	1550361
2496	703345	1550064
2497	703612	1549750
2498	703882	1549443
2499	704125	1549076
2500	704384	1548745
2501	704642	1548411
2502	704942	1548169
2503	705231	1547903
2504	705497	1547589
2505	705779	1547307
2506	706070	1547046
2507	706352	1546765
2508	706656	1546532
2509	706930	1546234
2510	707223	1545976
2511	707516	1545720
2512	707791	1545424
2513	708083	1545165
2514	708398	1544956
2515	708669	1544651
2516	708947	1544362
2517	709226	1544075
2518	709521	1543821
2519	709819	1543574
2520	710083	1543255
2521	710367	1542979
2522	710636	1542669
2523	710891	1542329
2524	711157	1542015
2525	711427	1541706
2526	711704	1541417
2527	712003	1541172
2528	712274	1540867
2529	712566	1540607
2530	712857	1540346
2531	713139	1540065
2532	713421	1539784
2533	713707	1539513
2534	713987	1539227
2535	714277	1538963
2536	714551	1538665
2537	714845	1538411
2538	715109	1538091
2539	715383	1537793
2540	715664	1537509
2541	715964	1537266
2542	716256	1537007
2543	716517	1536682
2544	716778	1536356
2545	717079	1536116
2546	717360	1535832
2547	717670	1535611
2548	717957	1535341
2549	718243	1535070
2550	718530	1534798
2551	718807	1534506
2552	719080	1534207
2553	719355	1533911
2554	719612	1533578
2555	719908	1533325
2556	720182	1533028
2557	720475	1532770
2558	720792	1532565
2559	721066	1532266
2560	721334	1531955
2561	721623	1531689
2562	721897	1531391
2563	722179	1531110
2564	722450	1530806
2565	722716	1530492
2566	723002	1530219
2567	723290	1529951
2568	723569	1529664
2569	723871	1529423
2570	724139	1529114
2571	724420	1528831
2572	724699	1528544
2573	724977	1528254
2574	725275	1528006
2575	725547	1527705
2576	725813	1527391
2577	726064	1527044
2578	726352	1526777
2579	726620	1526465
2580	726878	1526134
2581	727162	1525857
2582	727442	1525573
2583	727699	1525240
2584	727976	1524947
2585	728259	1524669
2586	728535	1524376
2587	728813	1524086
2588	729103	1523823
2589	729377	1523526
2590	729681	1523290
2591	729969	1523022
2592	730243	1522725
2593	730508	1522409
2594	730800	1522148
2595	731096	1521897
2596	731373	1521605
2597	731650	1521314
2598	731918	1521005
2599	732212	1520750
2600	732484	1520448
2601	732768	1520171
2602	733063	1519916
2603	733365	1519678
2604	733635	1519371
2605	733929	1519115
2606	734244	1518902
2607	734521	1518611
2608	734832	1518391
2609	735113	1518107
2610	735382	1517799
2611	735660	1517511
2612	735931	1517207
2613	736220	1516941
2614	736522	1516700
2615	736786	1516382
2616	737069	1516103
2617	737343	1515807
2618	737615	1515505
2619	737893	1515216
2620	738169	1514923
2621	738436	1514610
2622	738715	1514324
2623	738994	1514036
2624	739271	1513745
2625	739569	1513497
2626	739859	1513234
2627	740146	1512963
2628	740446	1512718
2629	740741	1512463
2630	741006	1512148
2631	741290	1511872
2632	741579	1511606
2633	741871	1511345
2634	742152	1511060
2635	742420	1510753
2636	742716	1510499
2637	743005	1510233
2638	743300	1509978
2639	743580	1509693
2640	743851	1509390
2641	744130	1509102
2642	744410	1508817
2643	744685	1508522
2644	744984	1508277
2645	745307	1508079
2646	745604	1507828
2647	745890	1507554
2648	746176	1507282
2649	746455	1506994
2650	746747	1506733
2651	747027	1506449
2652	747315	1506179
2653	747578	1505860
2654	747862	1505583
2655	748146	1505306
2656	748425	1505019
2657	748711	1504745
2658	748980	1504438
2659	749244	1504122
2660	749514	1503817
2661	749795	1503533
2662	750078	1503255
2663	750347	1502948
2664	750588	1502584
2665	750871	1502305
2666	751177	1502073
2667	751449	1501771
2668	751728	1501485
2669	752008	1501200
2670	752284	1500906
2671	752529	1500552
2672	752806	1500262
2673	753085	1499974
2674	753342	1499643
2675	753652	1499419
2676	753950	1499169
2677	754217	1498858
2678	754496	1498573
2679	754773	1498282
2680	755027	1497944
2681	755328	1497701
2682	755636	1497472
2683	755915	1497185
2684	756199	1496909
2685	756465	1496596
2686	756751	1496322
2687	757038	1496052
2688	757314	1495760
2689	757580	1495446
2690	757869	1495179
2691	758151	1494898
2692	758430	1494612
2693	758715	1494337
2694	759001	1494064
2695	759267	1493751
2696	759558	1493488
2697	759856	1493240
2698	760131	1492943
2699	760417	1492672
2700	760693	1492378
2701	760980	1492108
2702	761253	1491808
2703	761519	1491496
2704	761811	1491234
2705	762105	1490977
2706	762371	1490665
2707	762649	1490377
2708	762922	1490077
2709	763217	1489823
2710	763495	1489534
2711	763766	1489232
2712	764055	1488965
2713	764328	1488667
2714	764602	1488369
2715	764865	1488052
2716	765126	1487730
2717	765384	1487402
2718	765655	1487099
2719	765940	1486826
2720	766213	1486527
2721	766515	1486284
2722	766803	1486016
2723	767080	1485725
2724	767358	1485436
2725	767635	1485145
2726	767937	1484903
2727	768208	1484601
2728	768490	1484320
2729	768796	1484086
2730	769076	1483802
2731	769368	1483540
2732	769643	1483246
2733	769936	1482986
2734	770214	1482698
2735	770483	1482392
2736	770771	1482122
2737	771059	1481853
2738	771356	1481602
2739	771650	1481343
2740	771916	1481032
2741	772201	1480757
2742	772492	1480492
2743	772788	1480238
2744	773088	1479992
2745	773357	1479686
2746	773638	1479404
2747	773956	1479192
2748	774225	1478886
2749	774505	1478601
2750	774787	1478320
2751	775071	1478042
2752	775342	1477741
2753	775625	1477462
2754	775902	1477171
2755	776168	1476860
2756	776450	1476580
2757	776721	1476278
2758	777005	1476000
2759	777289	1475723
2760	777552	1475406
2761	777844	1475145
2762	778122	1474856
2763	778394	1474556
2764	778687	1474296
2765	778964	1474005
2766	779253	1473738
2767	779529	1473445
2768	779803	1473149
2769	780103	1472903
2770	780385	1472621
2771	780679	1472363
2772	780949	1472060
2773	781238	1471791
2774	781519	1471509
2775	781796	1471219
2776	782075	1470932
2777	782360	1470657
2778	782643	1470377
2779	782904	1470058
2780	783187	1469778
2781	783480	1469519
2782	783741	1469198
2783	784019	1468910
2784	784347	1468714
2785	784633	1468441
2786	784921	1468171
2787	785191	1467867
2788	785482	1467604
2789	785747	1467291
2790	786029	1467010
2791	786313	1466733
2792	786577	1466418
2793	786838	1466098
2794	787151	1465876
2795	787461	1465647
2796	787741	1465362
2797	788037	1465107
2798	788301	1464793
2799	788571	1464489
2800	788856	1464213
2801	789135	1463928
2802	789402	1463619
2803	789672	1463316
2804	789947	1463021
2805	790211	1462707
2806	790496	1462432
2807	790774	1462143
2808	791033	1461821
2809	791306	1461523
2810	791594	1461254
2811	791878	1460976
2812	792160	1460694
2813	792424	1460382
2814	792719	1460124
2815	793033	1459901
2816	793315	1459622
2817	793607	1459359
2818	793868	1459038
2819	794145	1458749
2820	794409	1458436
2821	794695	1458162
2822	794939	1457811
2823	795208	1457506
2824	795493	1457231
2825	795766	1456933
2826	796041	1456640
2827	796314	1456342
2828	796621	1456108
2829	796895	1455812
2830	797168	1455515
2831	797442	1455219
2832	797710	1454913
2833	797987	1454623
2834	798322	1454439
2835	798614	1454177
2836	798913	1453927
2837	799184	1453625
2838	799468	1453349
2839	799740	1453049
2840	799998	1452724
2841	800292	1452466
2842	800560	1452159
2843	800864	1451919
2844	801143	1451631
2845	801427	1451355
2846	801688	1451036
2847	801943	1450706
2848	802214	1450406
2849	802514	1450158
2850	802792	1449870
2851	803053	1449551
2852	803328	1449256
2853	803627	1449008
2854	803885	1448682
2855	804196	1448455
2856	804458	1448137
2857	804702	1447788
2858	804969	1447480
2859	805235	1447171
2860	805500	1446859
2861	805782	1446579
2862	806056	1446284
2863	806327	1445983
2864	806607	1445700
2865	806876	1445395
2866	807178	1445150
2867	807462	1444873
2868	807748	1444599
2869	808033	1444325
2870	808305	1444025
2871	808588	1443748
2872	808858	1443445
2873	809183	1443240
2874	809477	1442981
2875	809774	1442726
2876	810069	1442469
2877	810362	1442208
2878	810649	1441937
2879	810942	1441675
2880	811225	1441396
2881	811513	1441125
2882	811802	1440858
2883	812064	1440541
2884	812364	1440292
2885	812631	1439984
2886	812914	1439706
2887	813184	1439404
2888	813455	1439104
2889	813762	1438867
2890	814032	1438565
2891	814329	1438310
2892	814631	1438065
2893	814910	1437779
2894	815160	1437441
2895	815447	1437169
2896	815714	1436863
2897	815986	1436563
2898	816266	1436280
2899	816561	1436022
2900	816822	1435704
2901	817102	1435420
2902	817327	1435038
2903	817630	1434794
2904	817914	1434517
2905	818202	1434247
2906	818467	1433936
2907	818760	1433675
2908	819036	1433383
2909	819314	1433096
2910	819571	1432771
2911	819845	1432477
2912	820112	1432169
2913	820378	1431862
2914	820700	1431651
2915	820986	1431377
2916	821252	1431067
2917	821522	1430766
2918	821812	1430499
2919	822074	1430185
2920	822348	1429889
2921	822639	1429624
2922	822924	1429349
2923	823206	1429067
2924	823490	1428790
2925	823773	1428512
2926	824042	1428209
2927	824329	1427936
2928	824617	1427667
2929	824884	1427360
2930	825169	1427085
2931	825459	1426817
2932	825737	1426529
2933	826017	1426244
2934	826295	1425958
2935	826536	1425607
2936	826844	1425371
2937	827110	1425061
2938	827360	1424726
2939	827646	1424452
2940	827917	1424152
2941	828172	1423826
2942	828477	1423585
2943	828754	1423295
2944	829028	1423001
2945	829323	1422743
2946	829612	1422475
2947	829891	1422188
2948	830161	1421886
2949	830433	1421588
2950	830699	1421281
2951	830980	1420998
2952	831222	1420650
2953	831507	1420374
2954	831781	1420080
2955	832066	1419804
2956	832358	1419540
2957	832639	1419258
2958	832903	1418948
2959	833148	1418604
2960	833451	1418359
2961	833705	1418031
2962	833989	1417753
2963	834273	1417476
2964	834547	1417183
2965	834825	1416894
2966	835099	1416601
2967	835384	1416326
2968	835652	1416022
2969	835919	1415716
2970	836183	1415404
2971	836464	1415122
2972	836751	1414850
2973	837022	1414551
2974	837281	1414231
2975	837574	1413970
2976	837851	1413680
2977	838137	1413407
2978	838425	1413136
2979	838697	1412838
2980	838975	1412552
2981	839248	1412257
2982	839531	1411978
2983	839814	1411699
2984	840085	1411399
2985	840362	1411111
2986	840634	1410814
2987	840934	1410563
2988	841205	1410264
2989	841477	1409967
2990	841731	1409640
2991	842022	1409374
2992	842311	1409106
2993	842583	1408808
2994	842842	1408489
2995	843117	1408196
2996	843400	1407919
2997	843668	1407614
2998	843955	1407343
2999	844245	1407075
3000	844534	1406807
3001	844818	1406529
3002	845100	1406249
3003	845398	1405995
3004	845695	1405740
3005	845958	1405428
3006	846230	1405131
3007	846512	1404850
3008	846790	1404564
3009	847070	1404278
3010	847351	1403997
3011	847636	1403722
3012	847919	1403443
3013	848187	1403139
3014	848478	1402873
3015	848739	1402559
3016	849000	1402243
3017	849276	1401952
3018	849545	1401651
3019	849821	1401360
3020	850086	1401052
3021	850399	1400823
3022	850688	1400554
3023	850967	1400269
3024	851248	1399986
3025	851557	1399750
3026	851843	1399476
3027	852141	1399223
3028	852416	1398930
3029	852707	1398665
3030	852988	1398383
3031	853246	1398063
3032	853511	1397754
3033	853785	1397462
3034	854052	1397157
3035	854305	1396828
3036	854566	1396513
3037	854843	1396226
3038	855110	1395920
3039	855377	1395616
3040	855660	1395337
3041	855940	1395053
3042	856225	1394777
3043	856492	1394473
3044	856764	1394176
3045	857074	1393941
3046	857373	1393688
3047	857633	1393372
3048	857908	1393080
3049	858176	1392778
3050	858452	1392488
3051	858740	1392218
3052	859013	1391922
3053	859283	1391622
3054	859575	1391359
3055	859864	1391089
3056	860128	1390780
3057	860426	1390525
3058	860699	1390230
3059	860975	1389941
3060	861268	1389678
3061	861538	1389379
3062	861813	1389086
3063	862097	1388809
3064	862365	1388507
3065	862650	1388231
3066	862934	1387954
3067	863208	1387661
3068	863487	1387375
3069	863753	1387070
3070	864015	1386756
3071	864290	1386465
3072	864556	1386160
3073	864848	1385896
3074	865133	1385620
3075	865398	1385312
3076	865711	1385082
3077	865986	1384790
3078	866265	1384505
3079	866556	1384239
3080	866835	1383954
3081	867111	1383664
3082	867356	1383325
3083	867633	1383037
3084	867952	1382815
3085	868253	1382565
3086	868525	1382269
3087	868814	1381999
3088	869105	1381734
3089	869370	1381427
3090	869658	1381155
3091	869933	1380864
3092	870207	1380571
3093	870479	1380274
3094	870748	1379974
3095	871041	1379712
3096	871305	1379402
3097	871577	1379106
3098	871852	1378815
3099	872109	1378496
3100	872404	1378235
3101	872685	1377954
3102	872942	1377634
3103	873206	1377325
3104	873500	1377064
3105	873768	1376761
3106	874044	1376472
3107	874310	1376167
3108	874578	1375864
3109	874853	1375573
3110	875135	1375293
3111	875412	1375005
3112	875687	1374713
3113	875966	1374429
3114	876250	1374152
3115	876539	1373883
3116	876820	1373600
3117	877132	1373367
3118	877400	1373065
3119	877688	1372795
3120	877978	1372526
3121	878259	1372245
3122	878506	1371910
3123	878773	1371606
3124	879058	1371331
3125	879360	1371081
3126	879646	1370808
3127	879954	1370567
3128	880233	1370283
3129	880513	1369999
3130	880789	1369710
3131	881055	1369405
3132	881342	1369133
3133	881622	1368849
3134	881886	1368540
3135	882186	1368289
3136	882459	1367994
3137	882740	1367713
3138	883015	1367421
3139	883311	1367163
3140	883589	1366877
3141	883854	1366570
3142	884177	1366353
3143	884482	1366108
3144	884776	1365847
3145	885050	1365554
3146	885319	1365254
3147	885589	1364955
3148	885871	1364675
3149	886144	1364381
3150	886419	1364090
3151	886681	1363779
3152	886973	1363514
3153	887261	1363242
3154	887562	1362991
3155	887823	1362679
3156	888097	1362387
3157	888377	1362103
3158	888661	1361826
3159	888942	1361545
3160	889223	1361263
3161	889507	1360985
3162	889822	1360755
3163	890102	1360473
3164	890383	1360190
3165	890665	1359910
3166	890996	1359705
3167	891280	1359427
3168	891552	1359131
3169	891815	1358823
3170	892072	1358504
3171	892326	1358181
3172	892652	1357967
3173	892953	1357716
3174	893238	1357441
3175	893511	1357147
3176	893800	1356876
3177	894096	1356618
3178	894365	1356318
3179	894662	1356060
3180	894957	1355800
3181	895228	1355503
3182	895546	1355276
3183	895828	1354996
3184	896117	1354727
3185	896392	1354435
3186	896662	1354137
3187	896931	1353837
3188	897205	1353544
3189	897491	1353271
3190	897763	1352974
3191	898064	1352724
3192	898342	1352437
3193	898622	1352154
3194	898907	1351878
3195	899155	1351547
3196	899446	1351279
3197	899711	1350974
3198	899985	1350682
3199	900235	1350352
3200	900522	1350080
3201	900816	1349817
3202	901098	1349537
3203	901372	1349244
3204	901662	1348976
3205	901953	1348710
3206	902230	1348421
3207	902508	1348136
3208	902820	1347900
3209	903109	1347630
3210	903386	1347342
3211	903683	1347085
3212	903936	1346761
3213	904220	1346484
3214	904497	1346196
3215	904778	1345914
3216	905069	1345648
3217	905343	1345355
3218	905623	1345071
3219	905897	1344779
3220	906176	1344494
3221	906458	1344214
3222	906733	1343923
3223	907048	1343692
3224	907332	1343414
3225	907603	1343117
3226	907899	1342857
3227	908172	1342565
3228	908447	1342273
3229	908710	1341965
3230	909000	1341696
3231	909250	1341369
3232	909521	1341073
3233	909807	1340798
3234	910073	1340494
3235	910380	1340251
3236	910655	1339959
3237	910933	1339673
3238	911203	1339376
3239	911471	1339075
3240	911760	1338805
3241	912055	1338544
3242	912343	1338272
3243	912630	1338000
3244	912918	1337727
3245	913195	1337439
3246	913466	1337143
3247	913749	1336865
3248	914027	1336579
3249	914312	1336302
3250	914587	1336011
3251	914855	1335712
3252	915134	1335426
3253	915417	1335147
3254	915691	1334856
3255	915988	1334597
3256	916294	1334352
3257	916615	1334128
3258	916915	1333874
3259	917212	1333615
3260	917490	1333329
3261	917764	1333038
3262	918028	1332730
3263	918323	1332469
3264	918590	1332166
3265	918864	1331875
3266	919161	1331617
3267	919443	1331336
3268	919683	1330994
3269	919948	1330690
3270	920229	1330407
3271	920545	1330177
3272	920832	1329903
3273	921112	1329621
3274	921386	1329328
3275	921679	1329064
3276	921941	1328755
3277	922185	1328419
3278	922455	1328121
3279	922737	1327842
3280	922978	1327503
3281	923243	1327197
3282	923529	1326922
3283	923809	1326640
3284	924074	1326335
3285	924372	1326078
3286	924686	1325843
3287	924955	1325543
3288	925229	1325252
3289	925499	1324954
3290	925807	1324711
3291	926096	1324442
3292	926383	1324168
3293	926676	1323903
3294	926950	1323611
3295	927231	1323330
3296	927497	1323027
3297	927781	1322749
3298	928095	1322514
3299	928414	1322286
3300	928709	1322025
3301	929006	1321766
3302	929278	1321472
3303	929553	1321181
3304	929821	1320880
3305	930113	1320614
3306	930396	1320336
3307	930651	1320017
3308	930935	1319739
3309	931200	1319435
3310	931463	1319128
3311	931743	1318844
3312	932030	1318572
3313	932305	1318281
3314	932590	1318005
3315	932896	1317757
3316	933169	1317465
3317	933458	1317195
3318	933747	1316924
3319	934030	1316645
3320	934343	1316408
3321	934618	1316118
3322	934868	1315792
3323	935135	1315491
3324	935410	1315201
3325	935690	1314917
3326	935976	1314643
3327	936255	1314359
3328	936535	1314076
3329	936783	1313747
3330	937079	1313487
3331	937363	1313208
3332	937637	1312917
3333	937904	1312616
3334	938190	1312340
3335	938480	1312071
3336	938767	1311798
3337	939047	1311515
3338	939329	1311235
3339	939602	1310942
3340	939860	1310628
3341	940120	1310317
3342	940397	1310029
3343	940673	1309741
3344	940969	1309481
3345	941266	1309221
3346	941530	1308916
3347	941810	1308633
3348	942082	1308339
3349	942351	1308040
3350	942630	1307756
3351	942918	1307483
3352	943198	1307200
3353	943482	1306922
3354	943760	1306637
3355	944050	1306367
3356	944326	1306079
3357	944622	1305818
3358	944900	1305532
3359	945170	1305236
3360	945467	1304975
3361	945741	1304684
3362	946018	1304397
3363	946298	1304113
3364	946573	1303823
3365	946839	1303521
3366	947115	1303232
3367	947396	1302951
3368	947701	1302702
3369	947985	1302425
3370	948266	1302143
3371	948541	1301852
3372	948799	1301540
3373	949105	1301292
3374	949373	1300992
3375	949692	1300764
3376	949985	1300498
3377	950250	1300195
3378	950519	1299895
3379	950831	1299656
3380	951106	1299367
3381	951397	1299099
3382	951679	1298819
3383	951976	1298559
3384	952244	1298259
3385	952499	1297942
3386	952773	1297651
3387	953077	1297400
3388	953360	1297122
3389	953647	1296847
3390	953887	1296510
3391	954170	1296232
3392	954430	1295921
3393	954711	1295639
3394	954987	1295350
3395	955269	1295070
3396	955516	1294743
3397	955813	1294483
3398	956088	1294193
3399	956394	1293945
3400	956684	1293675
3401	956963	1293392
3402	957223	1293081
3403	957492	1292783
3404	957761	1292485
3405	958044	1292206
3406	958324	1291924
3407	958610	1291649
3408	958907	1291388
3409	959188	1291106
3410	959460	1290813
3411	959767	1290566
3412	960033	1290264
3413	960331	1290006
3414	960621	1289736
3415	960901	1289452
3416	961176	1289163
3417	961452	1288874
3418	961721	1288576
3419	961991	1288280
3420	962293	1288026
3421	962574	1287745
3422	962873	1287487
3423	963139	1287186
3424	963436	1286926
3425	963726	1286655
3426	964002	1286368
3427	964275	1286076
3428	964560	1285799
3429	964849	1285527
3430	965122	1285235
3431	965409	1284962
3432	965689	1284679
3433	965961	1284384
3434	966226	1284082
3435	966527	1283827
3436	966796	1283529
3437	967100	1283278
3438	967377	1282991
3439	967664	1282717
3440	967911	1282391
3441	968199	1282118
3442	968475	1281830
3443	968771	1281568
3444	969035	1281264
3445	969314	1280979
3446	969561	1280654
3447	969831	1280357
3448	970109	1280072
3449	970415	1279823
3450	970697	1279542
3451	970973	1279254
3452	971254	1278973
3453	971551	1278712
3454	971828	1278425
3455	972111	1278147
3456	972387	1277857
3457	972693	1277610
3458	972985	1277342
3459	973244	1277031
3460	973531	1276757
3461	973808	1276471
3462	974092	1276193
3463	974372	1275910
3464	974663	1275641
3465	974952	1275371
3466	975257	1275120
3467	975544	1274847
3468	975825	1274565
3469	976111	1274289
3470	976389	1274004
3471	976691	1273749
3472	976988	1273488
3473	977273	1273213
3474	977555	1272931
3475	977840	1272655
3476	978105	1272353
3477	978375	1272057
3478	978662	1271783
3479	978955	1271516
3480	979245	1271247
3481	979534	1270975
3482	979842	1270729
3483	980109	1270428
3484	980376	1270129
3485	980654	1269843
3486	980950	1269581
3487	981262	1269339
3488	981557	1269076
3489	981857	1268819
3490	982134	1268532
3491	982401	1268232
3492	982679	1267946
3493	982975	1267684
3494	983252	1267396
3495	983546	1267131
3496	983823	1266844
3497	984111	1266572
3498	984379	1266273
3499	984670	1266004
3500	984998	1265783
3501	985276	1265497
3502	985565	1265226
3503	985845	1264943
3504	986165	1264711
3505	986440	1264421
3506	986720	1264138
3507	986983	1263833
3508	987253	1263537
3509	987543	1263268
3510	987802	1262958
3511	988087	1262681
3512	988354	1262382
3513	988631	1262094
3514	988941	1261850
3515	989216	1261561
3516	989498	1261279
3517	989773	1260990
3518	990061	1260718
3519	990290	1260370
