feedback_id,reviewer_id,reviewer_name,role,created_at,summary,good_points_json,improvement_points_json,role_specific_concern,questions_json,next_actions_json,transcript
2a36126c,6eca8498,上司さん,superior,2026-03-23T02:13:55.798606,論理構成が整っており、課題認識から提案まで一貫性がある。ただし、意思決定のための判断材料がやや抽象的で、実行への具体性が不足している。経営として導入可否を判断するには、定量的な効果やリスクをもう少し明確に示す必要がある。,"[""現状の課題（Excel業務の属人化・遅延）を具体的に指摘しており、問題意識が共有しやすい"", ""提案ソリューションの基本的な方向性（SaaS型・一元管理・業務標準化）が明確である"", ""現場と経営層双方にメリットがある構成で、経営課題との接続がうまく整理されている""]","[""提案の結論（導入効果・期待成果）の定量的説明が不足しており、判断基準が曖昧"", ""どの範囲から導入を開始すべきか、優先度や段階的実行プランが見えていない"", ""リスク管理ソリューションの差別化要素や導入負担（コスト・期間）が不明確""]",経営判断に必要な情報として、投資対効果・導入リスク・社内リソース負担の見通しが提示されていない点が気になる。判断材料としては現時点では方向性しか示されておらず、実行判断に踏み切る手前の段階にとどまっている。,"[""本ソリューション導入による業務効率化の効果をどう定量化しているか？"", ""導入に要する期間・コスト・社内体制はどの程度を想定しているか？"", ""既存Excel資産との互換や移行プロセスはどのように設計しているか？""]","[""導入効果とコストの定量的試算を提示し、投資判断の材料を整える"", ""業務領域別に導入優先度を設定し、段階的ロードマップを示す"", ""既存業務からの移行リスクを洗い出し、対応策を明示する""]","電力事業者を取り巻く環境は、燃料価格の変動、需要予測の不確実性、再生可能エネルギー比率の上昇、制度変更への対応など、年々複雑さを増しています。しかし現場では、いまだにExcelを中心とした管理が多く残っており、属人化、入力ミス、版管理の混乱、リアルタイム性の不足といった課題が、経営判断やリスク対応の遅れにつながっています。特に、需給管理、取引管理、契約管理、リスク算定といった重要業務が複数ファイルに分散している場合、全体像の把握に時間がかかり、迅速な意思決定を阻害する要因となります。

そこで当社は、電力事業者向けの「リスク管理ソリューション」をSaaS型アプリケーションとして提供し、従来のExcel中心業務を高度化・標準化することを提案します。本ソリューションは、各種データを一元管理し、需要・供給・価格・契約・取引状況を統合的に可視化することで、現場担当者から経営層まで同じ情報をリアルタイムに共有できる環境を実現します。これにより、最新データに基づく迅速な判断と、リスクの早期検知が可能になります。

さらに本提案の価値は、単なるExcelの置き換えにとどまりません。業務プロセスそのものをデジタル化し、入力チェック、承認フロー、アラート通知、履歴管理を標準機能として持たせることで、内部統制の強化と監査対応の効率化を支援します。また、価格変動や需給逼迫などのシナリオに応じた分析機能を備えることで、将来リスクを事前に把握し、調達・販売・運用の最適化を後押しします。結果として、収益機会の最大化と損失回避の両立を図ることができます。

SaaSとして提供することで、法制度改正や市場環境の変化にも機動的に対応でき、各社が個別にシステム改修を抱える負担を軽減できます。加えて、拠点や部門をまたいだ利用にも適しており、事業拡大や組織変更にも柔軟に追従可能です。電力業界における業務管理の高度化とリスクヘッジの実現に向けて、本ソリューションは、現場の実務課題と経営課題を同時に解決する基盤となります。今後の競争力強化に向け、Excel依存から脱却し、データドリブンな運営へ移行する第一歩として、非常に有効な提案であると考えています。"
4346ff28,6eca8498,上司さん,superior,2026-03-23T03:05:30.508722,今回の発表は、前回課題だった定量的な導入効果の説明や段階的な実行プランが明確になっており、判断材料として大きく改善されています。全体として、導入意義・効果・スケジュールの骨格が整理されて提出された点は評価できます。ただし、投資判断における費用対効果の比較軸や、リスク管理の具体的な運用体制・成果測定指標についてはまだ不十分で、実行決定に踏み出すための裏付けが弱い印象です。,"[""導入効果を具体的に定量化（工数削減率・時間短縮・収益改善など）して説明できている"", ""段階的導入プラン（領域別・期間別）の構成が整理され、現場負担を考慮した進め方が示されている"", ""SaaS型による柔軟性・継続的改善という差別化要素が明確化されている""]","[""定量効果の根拠や算出前提が不明で、経営判断に使うには裏付けが弱い"", ""リスク管理ソリューションの運用負担（移行、教育、維持体制）のリスク評価が浅い"", ""導入後の成果をどう測り、どのタイミングで拡大判断をするのか、評価フレームが示されていない""]",費用（初期・月額）に対して効果をどの程度定量的に保証できるかがまだ判断できない。経営として投資可否を判断するには、ROI試算とリスク低減の明確な測定指標が必要。,"[""提示した『30～50％工数削減』の前提はどの業務量や人員構成を想定した数値ですか？"", ""ExcelからSaaSへの移行に伴う教育・データ移行期間のリスクをどう管理しますか？"", ""第1段階終了後の効果評価方法と、全社展開判断の基準はどのように設定しますか？""]","[""効果試算の根拠を具体化（対象部門の規模、作業時間の実測など）し、経営判断に使える数値資料を準備する"", ""移行時のリスク（データ精度・教育負荷など）を整理し、リスク低減策の一覧を作成する"", ""第1段階終了後の評価指標・判断基準を事前に設定し、成功条件を明確に定義する""]","電力事業者を取り巻く環境は、燃料価格の変動、電力需要の変化、再生可能エネルギーの拡大、制度改正への対応などにより、年々複雑になっています。一方で、現場では今もExcelを中心とした管理が多く残っており、担当者ごとにファイルが分散し、更新漏れや入力ミス、最新版の取り違えが発生しやすい状況です。その結果、確認や集計に多くの時間がかかり、判断の遅れや見落としにつながっています。

当社はこの課題に対し、電力事業者向けの「リスク管理ソリューション」をSaaS型アプリケーションとして提供します。需要、供給、価格、契約、取引といった情報を一元的に管理し、関係者が同じ画面で最新情報を確認できる環境を実現することで、従来のExcel中心業務をより早く、正確に、管理しやすい形へ変えていきます。

導入効果としては、まず日々の確認・集計作業を30～50％削減し、月間で見ると1部門あたり100～200時間程度の工数削減を見込んでいます。また、更新漏れや転記ミスなどの人為的なミスを半減させ、情報確認のスピードを大きく改善することで、重要な判断までにかかる時間を従来の数時間～1日単位から、数十分～数時間単位へ短縮することを目指します。さらに、価格変動や需給ひっ迫の兆候を早期に把握できるようにすることで、年間数％規模の収益改善、または損失回避効果も期待できます。

導入は、最初から全社一括で進めるのではなく、効果が見えやすい領域から段階的に開始する想定です。第1段階では、まず需給管理や取引管理など、Excel利用が多く、確認作業負荷の高い領域に対象を絞ります。ここを3か月程度で立ち上げ、業務時間削減やミス削減の効果を確認します。第2段階では、契約管理や承認フロー、アラート通知など周辺業務へ広げ、さらに3～6か月かけて利用範囲を拡大します。最終的には、複数部門をまたいで情報をつなぎ、経営判断にも使える全社基盤へ発展させていきます。この進め方により、現場への負担を抑えながら、着実に成果を確認しつつ展開できます。

本ソリューションの差別化ポイントは、単なる業務システムではなく、「電力業界特有の管理業務を前提にしたSaaS」である点です。単にExcelを置き換えるのではなく、日々の更新、確認、承認、通知まで含めて一つの仕組みとして提供するため、現場に定着しやすく、管理レベルも上げやすい構成になっています。また、制度変更や市場環境の変化にも、SaaSとして継続的に機能改善しやすいため、個別開発型のシステムに比べて柔軟かつ低負担で運用できます。

導入負担についても、SaaS型であるため、自社で大規模なサーバーや特別なインフラを持つ必要はなく、初期費用は数百万円規模、月額費用は利用範囲に応じた形で開始できる想定です。もちろん、既存Excelの整理やデータ移行、現場教育は必要ですが、最小単位の部門導入から始めることで、初期投資と現場負担を抑えながら進められます。

つまり本提案は、Excel依存による非効率と見落としリスクを減らし、まずは一部門から短期間で効果を可視化し、その後全社へ広げていく現実的なSaaS導入プランです。業務時間を30～50％削減し、判断スピードと管理精度を向上させることで、現場の負担軽減と経営の安定化を同時に実現する提案だと考えています。"
