student_id,class,math,english,study_hours
S001,A,78,40,7.6
S002,B,34,61,2.9
S003,A,78,64,6.6
S004,B,58,43,3.7
S005,A,34,64,4.5
S006,B,61,60,6.7
S007,A,84,67,8.0
S008,B,87,57,9.5
S009,A,43,47,4.0
S010,B,70,60,8.0
S011,A,70,54,6.0
S012,B,36,51,3.2
S013,A,58,47,6.9
S014,B,61,69,4.6
S015,A,67,81,6.9
S016,B,49,69,4.9
S017,A,75,78,7.9
S018,B,56,49,4.0
S019,A,69,42,5.9
S020,B,68,66,4.9
S021,A,54,83,6.6
S022,B,42,63,3.7
S023,A,68,92,5.5
S024,B,71,79,7.5
S025,A,85,80,9.8
S026,B,75,67,7.5
S027,A,85,66,9.7
S028,B,65,49,6.4
S029,A,69,75,7.0
S030,B,99,70,10.8
S031,A,87,80,9.3
S032,B,67,67,3.9
S033,A,77,77,8.3
S034,B,79,67,8.7
S035,A,57,70,2.9
S036,B,79,77,6.8
S037,A,77,73,9.1
S038,B,78,72,6.6
S039,A,61,60,5.5
S040,B,31,60,2.1
