タイトル,NDC分類,NDC分類名,ページ数,著者名,刊行年月日,購入年月日,去年の貸出数,縦(mm),横(mm),厚み(mm),重さ(g),蔵書数,巻数,出版社
The wild fire,973,ドイツ文学・小説,281,Thomas Moore,2015/6/1,2016/10/9,11,145,99,26,304,1,,文藝春秋
city of Vienna,933,英米文学・小説,364,Patricia Harris,2016/6/14,2016/7/24,15,154,109,24,360,1,,集英社
図書_4895,510,土木工学,421,遠藤 純,1972/10/11,1973/9/26,7,255,174,53,2018,1,,ハヤカワ書房
星と日本語学,810,日本語,189,杉山 一朗,2008/2/18,2009/6/28,7,210,160,18,629,1,,朝倉書店
図書_1494,430,化学,488,伊藤 慎吾,2017/8/14,2018/10/17,8,173,102,57,847,1,,東京創元社
火と秘密 4巻,913,日本文学・小説,389,青木 太郎,2018/4/5,2018/5/15,11,142,105,40,514,3,4,技術評論社
詩人と現代,250,北アメリカ史,344,菅原 太郎,2022/3/17,2022/12/1,8,212,176,36,1194,1,,丸善
図書_2826,510,土木工学,338,林 美咲,1992/5/19,1992/6/27,4,251,181,37,1544,1,,偕成社
短い社会学,360,社会学,384,坂本 太郎,1968/8/11,1968/9/25,5,219,152,47,1346,1,,日本評論社
図書_4622,140,心理学,386,岡田 美咲,1982/3/10,1982/6/21,11,231,139,35,1096,1,,早川書房
火と心理学,140,心理学,375,井上 拓哉,1997/11/23,1998/2/13,11,265,182,53,2234,1,,光文社
図書_2359,410,数学,327,藤原 颯,1964/5/8,1964/6/14,22,225,157,36,1133,1,,角川書店
図書_4617,450,地球科学,452,池田 太郎,1972/8/11,1972/10/13,8,234,153,43,1329,1,,講談社
明るい倫理学,150,倫理学,286,佐藤 葵,2014/1/9,2014/3/31,9,253,177,32,1275,1,,集英社
皇帝と古代,230,ヨーロッパ史,275,大野 翔,2009/11/17,2010/9/22,4,236,137,32,911,1,,祥伝社
細い丘シリーズ 3巻,933,英米文学・小説,330,Mark Phillips,2017/6/13,2017/9/27,7,211,153,33,1037,1,3,光文社
ぼくの声,913,日本文学・小説,303,高橋 慎吾,2014/12/4,2015/3/25,8,224,157,33,1045,1,,偕成社
不思議な西洋哲学,130,西洋哲学,191,今井 慎吾,2014/12/23,2015/4/15,3,177,106,20,340,1,,ポプラ社
雪と心理学,140,心理学,434,清水 葵,1997/1/25,1997/4/3,6,254,180,46,2077,1,,ポプラ社
あの夕暮れの湖,914,日本文学・随筆,393,山口 裕子,2021/4/11,2021/5/26,19,181,118,32,624,1,,PHP研究所
熱い法律学,320,法律,303,藤原 慎吾,1989/4/13,1990/3/18,10,190,130,21,513,1,,ポプラ社
革命家と江戸,290,地理・地誌,245,山口 蓮,1999/8/7,2000/2/15,5,224,155,27,875,1,,新潮社
魔法の鍵 1巻,914,日本文学・随筆,255,三浦 奈々,2015/2/17,2015/5/27,14,145,106,19,259,1,1,ポプラ社
図書_4314,550,海洋工学,356,中村 三郎,2021/11/15,2022/7/6,40,214,157,39,1162,1,,双葉社
図書_3902,460,生物科学,358,岡田 和子,2017/12/2,2018/1/6,21,171,103,36,547,1,,ポプラ社
苦い嵐シリーズ 1巻,913,日本文学・小説,275,清水 颯,2015/6/28,2015/9/16,8,180,131,27,554,1,1,翔泳社
A last light,933,英米文学・小説,331,Charles Walker,2012/8/14,2012/11/22,8,150,107,26,365,1,,ポプラ社
図書_3408,540,電気工学,436,島田 香織,1996/5/27,1996/7/11,6,260,174,50,1974,1,,新潮社
仙台の黎明,930,英米文学総記,297,Christopher King,2007/7/2,2007/9/17,14,228,156,34,1075,1,,早川書房
熱い日本語学,810,日本語,250,阿部 花子,1976/4/17,1977/2/1,6,175,128,18,385,1,,丸善
図書_3124,548,情報工学,237,吉田 浩二,1960/6/9,1960/7/23,4,249,184,25,1116,1,,幻冬舎
The wild road,983,スカンジナビア文学,509,Christopher King,1998/11/2,1999/3/13,11,184,132,41,947,1,,早川書房
横浜の桜の頃,929,中国文学・小説,275,清水 拓哉,2006/11/16,2007/10/10,8,180,127,23,501,1,,ミネルヴァ書房
鎌倉の文月,916,日本文学・記録・手記,285,林 三郎,1984/8/9,1984/10/29,21,177,127,23,466,1,,ハヤカワ書房
図書_2346,540,電気工学,300,小林 正樹,2007/5/15,2007/7/7,7,221,170,32,1063,1,,オーム社
川と東洋思想,120,東洋思想,194,吉田 大輔,2017/2/7,2017/10/9,14,263,176,21,981,1,,ハヤカワ書房
窓の伝説 8巻,914,日本文学・随筆,306,菅原 典子,2010/12/13,2011/3/19,4,179,131,25,599,2,8,東京創元社
図書_2227,840,ドイツ語,193,菊地 京子,2023/5/14,2024/6/28,15,204,148,24,790,1,,講談社
図書_3675,450,地球科学,192,遠藤 次郎,1975/4/7,1975/5/25,7,258,176,27,1086,1,,技術評論社
図書_2465,160,宗教総記,284,田中 誠,2001/12/21,2002/11/6,7,177,102,30,451,1,,文藝春秋
図書_3563,460,生物科学,273,阿部 敦,2005/5/17,2005/9/7,14,218,165,32,1053,1,,偕成社
図書_4904,160,宗教総記,281,西田 京子,2022/3/19,2022/12/12,3,213,146,28,857,1,,中央公論新社
時間の向こうに,914,日本文学・随筆,287,遠藤 典子,1971/1/24,1971/10/29,11,175,119,26,500,1,,吉川弘文館
心の伝説 4巻,933,英米文学・小説,402,Linda Jackson,2014/7/3,2014/12/30,8,179,131,41,819,1,4,岩波書店
小さな手紙シリーズ 3巻,913,日本文学・小説,284,平野 葵,2013/10/14,2013/12/1,4,145,108,27,347,1,3,ハヤカワ書房
図書_4037,520,建築学,359,工藤 典子,1991/1/16,1991/7/2,8,255,185,41,1663,1,,有斐閣
少女と江戸,280,伝記,271,渡辺 恵子,2004/12/2,2005/1/14,13,171,101,30,603,1,,中央公論新社
空のかけら,913,日本文学・小説,516,山本 由美,2019/2/27,2020/2/28,13,150,107,38,564,1,,オーム社
図書_2770,540,電気工学,349,大野 美咲,2017/2/7,2017/6/28,25,171,105,35,577,1,,文藝春秋
医者と窓,914,日本文学・随筆,450,近藤 博,1967/12/10,1968/3/24,6,150,105,32,409,1,,翔泳社
詳解電気工学,540,電気工学,301,藤原 恵子,2023/2/2,2024/2/1,8,214,161,32,944,1,,ハヤカワ書房
小さな川譚,916,日本文学・記録・手記,331,井上 誠,2016/1/17,2016/5/26,6,219,150,38,1089,1,,翔泳社
画家と月,913,日本文学・小説,277,石川 雄一,2019/6/6,2020/2/15,55,150,105,17,242,1,,朝倉書店
図書_3755,510,土木工学,447,木村 理恵,2018/3/7,2018/4/30,21,171,102,41,642,1,,技術評論社
図書_2761,490,医学,401,西田 博,2011/2/15,2011/2/24,13,177,104,40,653,1,,ミネルヴァ書房
夢王国 3巻,933,英米文学・小説,347,Richard Martin,2019/1/5,2019/5/1,13,151,107,25,393,2,3,祥伝社
少女と昭和,240,アフリカ史,249,中村 史郎,1978/4/20,1978/6/16,8,265,190,31,1433,1,,日本評論社
作家の砂,913,日本文学・小説,613,三浦 一朗,2009/8/2,2009/9/19,11,148,106,53,708,1,,朝倉書店
図書_2534,390,国防・軍事,202,林 浩二,1966/2/26,1966/9/4,19,178,105,23,386,1,,小学館
機械工学の基礎,530,機械工学,368,三浦 敦,2014/10/23,2014/11/4,4,261,186,44,1905,1,,吉川弘文館
図書_1834,490,医学,427,前田 太郎,2013/10/27,2014/3/1,12,224,140,48,1389,1,,ハヤカワ書房
図書_2259,490,医学,141,菊地 咲,1982/7/10,1982/10/26,5,256,185,14,638,1,,ハヤカワ書房
図書_1698,40,一般論文集,411,斎藤 翔,2006/3/20,2006/9/23,11,257,180,57,2333,1,,技術評論社
海と嘘 4巻,913,日本文学・小説,284,平野 文子,2011/9/9,2012/1/28,8,150,103,22,318,1,4,角川書店
図書_3893,540,電気工学,355,山口 葵,1974/3/27,1974/10/25,11,173,105,34,547,1,,弘文堂
谷と信頼,913,日本文学・小説,235,岩田 奈々,2004/3/3,2004/7/20,3,219,175,25,878,1,,有斐閣
彼女の扉,913,日本文学・小説,396,菅原 太郎,2009/8/28,2010/3/27,9,203,136,44,1584,1,,幻冬舎
言葉と教育学,370,教育学,165,中村 浩二,2012/10/3,2013/1/13,7,187,133,15,350,1,,講談社
明るい風シリーズ 1巻,913,日本文学・小説,492,岡田 咲,2012/2/13,2012/6/17,6,189,132,41,948,2,1,早川書房
探偵と古代,250,北アメリカ史,421,前田 慎吾,2010/10/28,2010/11/23,9,170,104,40,686,1,,有斐閣
図書_4352,420,物理学,260,斎藤 光,1981/6/5,1981/7/30,16,221,155,28,910,1,,オーム社
大阪の少女,914,日本文学・随筆,239,三浦 博,2020/12/9,2021/11/2,3,148,109,20,298,1,,ハヤカワ書房
光と秘密,913,日本文学・小説,394,藤原 裕子,2003/3/13,2003/6/13,15,180,133,36,748,1,,勁草書房
図書_2902,550,海洋工学,534,井上 浩二,2021/3/14,2021/5/3,10,253,186,77,3074,1,,有斐閣
あの冬の太陽,914,日本文学・随筆,305,西田 光,2001/8/12,2002/6/14,22,213,150,38,1066,1,,オーム社
図書_4282,480,動物学,306,藤原 慎吾,2022/4/14,2023/6/20,9,263,171,28,1150,1,,ポプラ社
The silent dream,973,ドイツ文学・小説,321,Sandra Evans,2007/6/14,2007/7/20,22,181,130,31,619,1,,丸善
鍵と恐怖 1巻,933,英米文学・小説,276,Jennifer White,2018/4/17,2018/9/29,16,148,108,22,319,2,1,丸善
北海道の文月,913,日本文学・小説,573,岩田 裕子,2013/12/18,2014/6/5,7,228,165,53,1841,1,,翔泳社
言葉と英語学,830,英語,369,三浦 由美,2020/5/25,2020/11/5,10,180,128,39,851,1,,新潮社
図書_2590,410,数学,293,遠藤 由美,2018/8/17,2019/11/11,22,181,103,29,460,1,,幻冬舎
言葉を探して,930,英米文学総記,355,Nancy Wright,1966/3/26,1966/5/21,14,143,111,27,399,1,,日本評論社
図書_4304,548,情報工学,321,遠藤 光,2011/6/9,2011/9/15,6,260,174,40,1593,1,,技術評論社
あの梅雨の海,913,日本文学・小説,250,前田 莉子,2012/9/24,2012/10/23,24,150,103,18,238,1,,技術評論社
生物学演習,460,生物科学,340,藤井 純,1966/12/15,1967/5/21,9,210,147,40,1098,1,,集英社
侍女と手紙,913,日本文学・小説,255,阿部 拓哉,2018/7/21,2018/10/23,7,185,130,26,588,1,,ポプラ社
図書_3911,420,物理学,377,田中 花子,1971/10/26,1973/1/7,3,221,170,36,1211,1,,吉川弘文館
詳解土木工学,510,土木工学,384,橋本 一朗,2023/2/20,2023/4/13,3,263,178,41,1732,1,,集英社
熊本の冬,914,日本文学・随筆,140,小川 葵,2019/6/5,2019/7/10,22,180,123,12,304,1,,偕成社
小さな西洋哲学,130,西洋哲学,423,青木 香織,2001/2/11,2001/6/13,9,211,150,53,1524,1,,小学館
化学工業の謎を解く,570,化学工業,309,渡辺 敦,2011/1/22,2011/2/26,11,254,180,41,1670,1,,技術評論社
魔女と明治,200,歴史総記,288,小林 颯,2020/2/28,2020/3/12,3,209,149,37,1085,1,,朝倉書店
谷と友情 4巻,914,日本文学・随筆,394,木村 隆,2017/1/6,2017/6/10,5,174,126,36,675,2,4,技術評論社
図書_2429,410,数学,484,村上 花子,2022/9/21,2023/5/31,9,254,179,55,2182,1,,幻冬舎
悲しい霧シリーズ 1巻,933,英米文学・小説,278,Susan Hall,2011/8/8,2011/11/1,17,226,145,30,854,2,1,オーム社
The dark forest,933,英米文学・小説,340,Karen Young,2022/4/10,2022/6/11,17,147,105,27,388,1,,祥伝社
A forgotten sky,973,ドイツ文学・小説,314,Betty Adams,1994/5/19,1994/11/3,7,149,105,30,420,1,,技術評論社
火の伝説 2巻,913,日本文学・小説,550,杉山 拓哉,2007/8/3,2007/12/25,7,201,156,58,1727,1,2,早川書房
北海道の博士,913,日本文学・小説,350,小川 誠,2017/8/28,2018/1/4,8,221,148,34,976,1,,偕成社
輝く光,930,英米文学総記,255,Joseph Allen,2013/4/7,2013/5/5,12,149,105,18,259,1,,吉川弘文館
弱いキリスト教学,190,キリスト教,354,藤原 和子,1989/10/10,1989/11/28,11,236,151,35,1132,1,,翔泳社
小さな声,929,中国文学・小説,442,村上 理恵,2014/3/13,2014/4/17,5,180,128,40,929,1,,丸善
ぼくの嵐,913,日本文学・小説,353,青木 三郎,2005/12/28,2006/6/28,13,208,141,39,1048,1,,文藝春秋
探偵の橋,914,日本文学・随筆,316,杉山 浩二,2011/6/2,2011/7/4,3,213,149,33,984,1,,光文社
図書_3953,420,物理学,378,松本 文子,2002/2/2,2002/10/29,5,231,171,35,1193,1,,東京創元社
あの春の魂,913,日本文学・小説,390,松本 颯,1998/8/6,1998/9/15,23,177,129,36,774,1,,中央公論新社
孤独な太陽シリーズ 2巻,933,英米文学・小説,334,Christopher King,2015/4/27,2015/9/4,7,222,141,37,1039,2,2,新潮社
松山の霜月,913,日本文学・小説,389,佐藤 由美,2021/12/8,2022/4/11,21,223,149,46,1424,1,,技術評論社
ぼくの樹,913,日本文学・小説,260,村上 博,1998/3/28,1998/4/2,14,222,153,27,829,1,,小学館
冷たい知識,790,諸芸・娯楽,264,中村 典子,2018/9/21,2019/2/22,9,212,177,26,1102,1,,早川書房
強い太陽シリーズ 4巻,913,日本文学・小説,305,三浦 純,1997/1/10,1997/4/14,4,147,99,25,321,2,4,丸善
図書_2088,480,動物学,314,石川 直子,1978/11/26,1979/4/11,3,170,108,29,429,1,,ミネルヴァ書房
透明な哲学,100,哲学総記,237,今井 香織,2019/11/8,2020/2/25,8,233,157,30,1053,1,,光文社
図書_2233,430,化学,403,杉山 咲,1994/9/23,1995/1/16,6,253,186,47,1969,1,,偕成社
魔法の谷 1巻,914,日本文学・随筆,240,青木 史郎,2012/4/26,2012/6/16,13,185,125,24,471,1,1,ポプラ社
魔法の扉 1巻,933,英米文学・小説,304,Dorothy Carter,2008/8/2,2008/10/3,5,184,130,31,661,1,1,東京創元社
図書_2360,750,工芸,176,藤井 恵子,1983/2/20,1983/5/11,3,235,150,18,586,1,,中央公論新社
図書_2697,510,土木工学,329,吉田 次郎,1978/12/7,1979/6/24,4,251,182,41,1659,1,,集英社
窓と知識,710,彫刻,358,小林 大輔,2020/6/23,2021/4/2,11,189,130,28,626,1,,オーム社
図書_3843,430,化学,429,阿部 理恵,2012/11/13,2013/2/8,10,179,105,45,751,1,,祥伝社
夜の時間,913,日本文学・小説,204,山本 大輔,2023/9/9,2023/10/25,3,184,127,16,375,1,,中央公論新社
影と倫理学,150,倫理学,422,佐藤 美咲,1987/3/3,1987/11/16,7,232,139,54,1589,1,,文藝春秋
応用植物学,470,植物学,400,池田 颯,2021/9/26,2022/5/6,4,224,154,47,1440,1,,朝倉書店
ぼくらの太陽 12巻,913,日本文学・小説,293,藤原 典子,2011/6/15,2011/8/27,5,145,106,25,484,1,12,吉川弘文館
あの夜の石,916,日本文学・記録・手記,284,平野 光,2013/10/11,2013/11/4,15,186,129,23,496,1,,翔泳社
夢と英語学,830,英語,266,遠藤 拓哉,1985/7/18,1985/8/2,6,170,107,26,429,1,,日本評論社
地球科学の謎を解く,450,地球科学,455,小川 正樹,2005/11/25,2006/3/23,10,169,105,36,563,1,,講談社
青い心理学,140,心理学,294,小林 凛,1995/5/18,1995/11/20,6,206,147,35,1033,1,,新潮社
道と知識,80,叢書,242,橋本 拓哉,2012/1/9,2012/8/5,10,215,138,26,740,1,,光文社
美しい扉シリーズ 2巻,913,日本文学・小説,405,平野 拓哉,2014/4/30,2014/8/11,7,178,130,37,771,1,2,PHP研究所
図書_3577,540,電気工学,250,渡辺 光,2023/3/11,2024/2/18,6,171,106,29,451,1,,幻冬舎
画家と海,914,日本文学・随筆,371,渡辺 典子,1995/9/19,1995/9/28,5,144,103,30,383,1,,勁草書房
図書_4790,490,医学,424,近藤 美咲,2018/3/20,2018/8/16,8,221,149,44,1312,1,,中央公論新社
図書_4447,770,演劇,290,山口 誠,2020/9/2,2021/11/17,7,231,142,32,995,1,,集英社
land of Prague,933,英米文学・小説,229,Thomas Moore,1966/11/4,1967/5/1,8,149,107,19,253,1,,ハヤカワ書房
北海道の弥生,914,日本文学・随筆,231,近藤 莉子,2018/7/14,2019/8/11,8,178,126,21,429,1,,中央公論新社
図書_3601,700,芸術総記,203,近藤 理恵,2018/5/21,2018/11/21,10,181,134,15,337,1,,早川書房
苦い倫理学,150,倫理学,301,村上 雄一,2011/11/20,2012/2/7,13,259,181,32,1369,1,,岩波書店
鍵と西洋哲学,130,西洋哲学,437,石川 太郎,1983/11/20,1984/8/11,6,267,181,50,2272,1,,福音館書店
仏教学入門,180,仏教,417,池田 太郎,1980/7/7,1980/7/19,5,227,133,48,1535,1,,講談社
嵐と社会学,360,社会学,321,村上 光,2012/12/13,2014/2/12,13,205,158,37,1218,1,,ポプラ社
風と喜び 6巻,914,日本文学・随筆,251,青木 隆,2017/9/7,2018/1/12,3,188,124,24,531,3,6,中央公論新社
武士の嵐,913,日本文学・小説,157,近藤 理恵,2016/3/27,2017/10/25,14,150,105,11,173,1,,オーム社
図書_2047,540,電気工学,435,平野 花子,2019/4/15,2019/9/4,8,173,104,41,683,1,,集英社
重い霧譚,913,日本文学・小説,282,山本 三郎,1986/1/6,1987/2/1,13,180,124,20,386,1,,朝倉書店
明治のアジア史,220,アジア史,262,平野 健一,2005/10/4,2005/11/1,10,165,105,27,415,1,,光文社
図書_2748,410,数学,228,佐藤 京子,2015/9/25,2015/11/8,5,174,105,24,380,1,,弘文堂
遠い写真,740,写真,322,佐藤 直子,2011/2/10,2011/5/30,6,179,110,35,828,1,,勁草書房
革命家と昭和,240,アフリカ史,375,小林 咲,1993/9/26,1993/10/18,8,263,178,43,1805,1,,ミネルヴァ書房
あの霜月の雨,916,日本文学・記録・手記,301,福田 凛,2017/7/26,2019/3/6,8,154,103,21,280,1,,丸善
あの木枯らしの泉,913,日本文学・小説,158,石川 美咲,2016/10/10,2016/11/26,8,149,105,15,219,1,,岩波書店
現代電気工学,540,電気工学,476,柴田 純,2008/12/23,2009/1/9,16,204,158,52,1553,1,,勁草書房
赤い心理学,140,心理学,293,西田 凛,1991/9/6,1992/6/7,5,216,139,28,845,1,,祥伝社
東京の博士,913,日本文学・小説,396,平野 翔,1985/3/9,1985/9/6,16,229,146,45,1403,1,,技術評論社
熱い英語学,830,英語,275,吉田 由美,1995/4/22,1995/12/2,8,181,127,21,504,1,,丸善
魔法の丘 9巻,913,日本文学・小説,340,田中 蓮,2010/4/30,2010/6/7,6,186,129,27,590,2,9,福音館書店
暗い記憶,914,日本文学・随筆,286,青木 次郎,1988/6/10,1989/3/27,4,150,102,28,371,1,,日本評論社
泉と英語学,830,英語,356,青木 恵子,2015/10/26,2016/2/4,13,146,106,25,338,1,,ポプラ社
優しい法律学,320,法律,230,藤井 敦,1971/11/24,1973/9/29,8,182,120,16,339,1,,勁草書房
小さな日本語学,810,日本語,295,工藤 光,1995/3/2,1996/11/20,7,177,134,24,591,1,,ハヤカワ書房
化学の謎を解く,430,化学,293,岩田 京子,2006/3/1,2007/1/3,15,174,102,34,521,1,,岩波書店
図書_4060,460,生物科学,420,村上 裕子,1954/6/10,1956/2/11,3,262,182,52,2151,1,,PHP研究所
図書_3974,510,土木工学,194,西村 和子,1994/11/13,1995/4/30,9,266,179,23,989,1,,幻冬舎
あの夜の言葉,913,日本文学・小説,313,木村 咲,1998/5/27,1998/6/15,6,149,110,29,422,1,,角川書店
那覇の夜,914,日本文学・随筆,329,小川 京子,2008/3/9,2009/2/2,16,232,163,36,1227,1,,光文社
図書_3559,790,諸芸・娯楽,273,井上 奈々,1963/12/23,1964/3/30,3,177,101,26,420,1,,偕成社
図書_4263,380,民俗学,281,阿部 健一,2022/5/16,2022/6/4,8,183,137,25,566,1,,中央公論新社
空と絶望 1巻,933,英米文学・小説,325,Laura Davis,2003/9/10,2004/2/3,12,150,108,22,332,2,1,新潮社
優しい知識,340,財政学,241,石川 光,1965/11/9,1966/3/24,7,241,137,28,926,1,,翔泳社
Amelia's night,933,英米文学・小説,299,Daniel Scott,1986/8/15,1986/9/1,15,149,110,24,351,1,,ハヤカワ書房
図書_2715,440,天文学,340,阿部 浩二,2000/1/13,2000/4/5,13,178,105,34,540,1,,東京創元社
太陽の伝説 6巻,914,日本文学・随筆,265,木村 湊,2011/10/27,2012/2/4,5,191,127,22,482,1,6,双葉社
花の伝説 2巻,913,日本文学・小説,181,小林 次郎,1996/10/8,1996/12/12,5,153,103,14,213,2,2,翔泳社
新しい政治学,310,政治学,504,西村 陽,2019/1/6,2019/1/28,8,178,108,50,834,1,,偕成社
図書_3309,510,土木工学,541,藤井 葵,1987/4/27,1987/11/15,8,178,101,47,773,1,,講談社
暗い魂譚,929,中国文学・小説,489,山田 浩二,2004/2/3,2005/4/27,7,152,104,34,466,1,,勁草書房
図書_4023,548,情報工学,274,山口 香織,1994/5/23,1994/6/29,3,265,186,39,1726,1,,弘文堂
霧と謎,913,日本文学・小説,406,福田 莉子,2020/5/12,2020/8/24,4,178,136,33,746,1,,ハヤカワ書房
あの秋の影,914,日本文学・随筆,470,福田 翔,1982/5/10,1982/6/5,4,235,151,52,1635,1,,弘文堂
透明な光,913,日本文学・小説,211,三浦 颯,2017/5/3,2017/5/5,6,148,108,23,304,1,,小学館
図書_2986,460,生物科学,221,今井 健一,1982/4/22,1983/1/29,7,254,175,33,1298,1,,ミネルヴァ書房
図書_4346,450,地球科学,407,阿部 京子,2021/4/7,2021/11/7,9,255,176,51,2006,1,,文藝春秋
風と恐怖 9巻,913,日本文学・小説,233,石川 莉子,2009/10/5,2010/3/6,3,220,155,29,925,1,9,幻冬舎
雪と絵画・美術,720,絵画,388,伊藤 慎吾,2019/11/5,2020/3/23,7,208,143,41,1138,1,,東京創元社
海と日本語学,810,日本語,314,山田 正樹,2020/5/21,2020/11/17,6,153,105,18,275,1,,オーム社
小さな橋シリーズ 5巻,914,日本文学・随筆,253,小林 健一,2015/1/1,2015/3/2,4,152,103,20,314,3,5,ハヤカワ書房
冷たい太陽シリーズ 1巻,913,日本文学・小説,516,原田 大輔,2008/6/9,2008/10/5,9,179,126,45,893,1,1,技術評論社
図書_1859,390,国防・軍事,411,伊藤 蓮,1982/9/23,1982/10/25,10,170,104,42,644,1,,有斐閣
空と東洋思想,120,東洋思想,378,近藤 一朗,1998/5/16,1999/2/16,3,171,99,32,506,1,,福音館書店
雨の伝説 8巻,913,日本文学・小説,321,村上 光,2014/8/16,2014/12/12,4,184,133,30,701,1,8,ポプラ社
sea of Athens,933,英米文学・小説,400,Nancy Wright,1999/7/9,2000/5/18,9,148,110,32,418,1,,日本評論社
情報学の世界,0,総記,308,小林 京子,1998/1/15,1998/7/11,8,212,158,27,1247,1,,光文社
図書_4920,480,動物学,414,土屋 直子,2006/6/5,2006/8/7,5,206,160,40,1196,1,,丸善
Beyond the city,933,英米文学・小説,351,Karen Young,2014/7/5,2015/1/4,10,233,146,36,1069,1,,中央公論新社
魔法の丘 7巻,913,日本文学・小説,363,田中 蓮,2006/12/3,2007/2/7,6,149,103,32,424,2,7,福音館書店
長い橋譚,913,日本文学・小説,337,菊地 蓮,2023/2/13,2023/3/27,4,172,131,33,677,1,,幻冬舎
図書_2901,540,電気工学,371,田中 一朗,1992/4/14,1992/6/11,16,234,142,44,1307,1,,偕成社
A dark shadow,933,英米文学・小説,281,Dorothy Carter,2019/3/2,2019/12/18,8,220,171,28,989,1,,講談社
日本語学のすすめ,810,日本語,165,田中 直子,2010/7/9,2010/10/3,22,154,105,13,205,1,,講談社
道のかけら,913,日本文学・小説,289,三浦 文子,2023/11/5,2024/1/7,52,185,122,25,520,1,,ミネルヴァ書房
深い倫理学,150,倫理学,352,佐藤 理恵,1970/1/12,1970/9/17,8,169,105,35,552,1,,偕成社
魔女と嵐,930,英米文学総記,263,James Wilson,1997/6/8,1997/6/26,13,153,110,18,298,1,,集英社
図書_3040,440,天文学,252,池田 理恵,2013/7/15,2013/8/20,5,174,102,24,382,1,,翔泳社
図書_3331,80,叢書,329,大野 太郎,2002/3/15,2002/8/26,13,170,103,29,516,1,,文藝春秋
forest of London,933,英米文学・小説,366,Betty Adams,1980/8/25,1981/3/22,10,182,125,39,794,1,,技術評論社
鎌倉の弥生,913,日本文学・小説,376,井上 颯,1982/5/4,1983/6/20,8,181,132,32,787,1,,日本評論社
小さな川,913,日本文学・小説,272,福田 蓮,1982/8/22,1983/7/8,12,150,104,19,311,1,,幻冬舎
図書_2194,490,医学,358,橋本 史郎,2016/8/17,2017/8/8,4,172,107,33,555,1,,講談社
姫と平安,220,アジア史,263,橋本 慎吾,1978/2/7,1978/5/19,11,169,106,23,385,1,,文藝春秋
青い花,913,日本文学・小説,280,斎藤 和子,1983/11/12,1984/4/11,9,149,106,18,312,1,,集英社
魔法の火 9巻,913,日本文学・小説,404,柴田 典子,2001/4/20,2001/5/31,3,150,106,26,373,1,9,勁草書房
声の伝説 8巻,913,日本文学・小説,189,遠藤 隆,2008/11/23,2008/12/15,3,223,151,19,593,2,8,ミネルヴァ書房
心と哲学,100,哲学総記,314,西村 翔,1966/2/18,1966/2/27,3,254,183,40,1720,1,,技術評論社
図書_2394,560,金属工学,284,山口 恵子,2003/12/18,2004/7/3,17,262,184,33,1502,1,,中央公論新社
函館の春,913,日本文学・小説,358,鈴木 恵子,2013/2/19,2013/4/9,10,150,103,30,409,1,,オーム社
重い光譚,913,日本文学・小説,281,土屋 颯,2017/2/17,2017/10/11,9,148,105,19,258,1,,祥伝社
図書_2690,460,生物科学,291,福田 三郎,2022/4/10,2022/4/18,27,245,185,37,1483,1,,集英社
那覇の少女,913,日本文学・小説,367,松本 博,2018/11/4,2019/4/2,20,179,125,32,593,1,,中央公論新社
青い道譚,913,日本文学・小説,332,渡辺 湊,2020/6/4,2020/8/12,27,150,100,22,339,1,,角川書店
霧と奇跡 6巻,933,英米文学・小説,271,Betty Adams,2007/8/20,2008/2/2,5,213,158,30,1079,1,6,技術評論社
図書_4172,10,図書館学,593,福田 慎吾,2007/4/23,2007/11/16,17,172,107,60,935,1,,集英社
mountain of Paris,933,英米文学・小説,252,Betty Adams,2012/1/12,2012/8/16,7,180,120,26,532,1,,技術評論社
応用電気工学,540,電気工学,371,木村 咲,1971/4/15,1971/6/29,11,174,105,35,568,1,,角川書店
強い太陽シリーズ 6巻,913,日本文学・小説,358,三浦 純,1999/10/16,1999/11/5,3,186,127,39,787,1,6,丸善
図書_3739,410,数学,338,吉田 慎吾,2018/4/16,2018/7/31,9,224,139,34,933,1,,福音館書店
石と未来,913,日本文学・小説,179,藤井 翔,2020/9/14,2021/4/20,26,228,177,17,664,1,,東京創元社
図書_1865,820,中国語,268,菅原 京子,2002/7/16,2002/7/19,13,146,106,20,337,1,,オーム社
図書_3025,548,情報工学,435,近藤 湊,1966/6/24,1966/9/20,15,254,185,49,2037,1,,ミネルヴァ書房
山と奇跡,913,日本文学・小説,404,木村 健一,1984/10/21,1985/5/8,9,151,101,31,411,1,,ハヤカワ書房
応用機械工学,530,機械工学,334,藤原 一朗,1989/10/25,1990/11/25,12,214,146,34,1049,1,,弘文堂
月の伝説 4巻,913,日本文学・小説,360,村上 典子,2014/12/7,2015/1/14,4,150,109,29,467,1,4,光文社
心と教育学,370,教育学,260,福田 文子,2002/10/9,2003/4/10,5,186,123,22,447,1,,技術評論社
よくわかる地球科学,450,地球科学,204,橋本 奈々,1992/1/10,1993/4/27,7,263,183,23,1048,1,,有斐閣
谷と経済学,330,経済学,191,西村 凛,2007/12/12,2008/5/18,6,173,102,19,287,1,,朝倉書店
画家と現代,250,北アメリカ史,516,吉田 慎吾,2013/10/28,2013/11/14,8,249,183,60,2477,1,,福音館書店
女王と大正,250,北アメリカ史,271,池田 蓮,1960/7/13,1960/10/16,6,177,111,26,469,1,,角川書店
図書_3794,530,機械工学,386,林 奈々,2000/6/12,2000/10/28,3,250,193,47,1990,1,,新潮社
松山の作家,910,日本文学総記,412,鈴木 次郎,2023/10/5,2024/12/4,18,148,103,31,482,1,,ハヤカワ書房
熱い西洋哲学,130,西洋哲学,167,小川 太郎,1968/2/14,1968/2/18,4,224,159,17,658,1,,早川書房
花と過去,910,日本文学総記,305,坂本 次郎,1989/4/12,1989/9/29,8,147,106,23,340,1,,弘文堂
石と英語学,830,英語,266,林 光,2010/7/10,2011/10/3,3,205,147,30,927,1,,PHP研究所
弱い英語学,830,英語,257,今井 拓哉,2018/9/18,2018/10/3,6,184,126,20,534,1,,講談社
那覇の老人,913,日本文学・小説,221,三浦 三郎,2021/4/11,2021/6/9,10,151,101,17,238,1,,技術評論社
図書_2738,430,化学,481,菊地 和子,2000/5/24,2001/11/21,20,254,182,43,1759,1,,小学館
北海道の歴史,270,オセアニア史,383,林 奈々,1981/2/21,1982/4/21,5,203,158,45,1406,1,,新潮社
魔法の嵐 2巻,913,日本文学・小説,221,藤井 正樹,2009/2/12,2009/7/8,8,210,144,27,732,1,2,翔泳社
A forgotten song,933,英米文学・小説,330,James Wilson,1998/1/22,1999/3/27,11,189,132,31,690,1,,角川書店
王子と花,913,日本文学・小説,187,清水 純,2022/8/11,2023/5/29,13,151,103,14,207,1,,有斐閣
図書_1409,410,数学,420,柴田 太郎,2021/11/12,2023/1/2,26,257,177,44,1780,1,,双葉社
白い西洋哲学,130,西洋哲学,200,伊藤 敦,2019/8/4,2019/9/12,14,166,104,20,315,1,,弘文堂
図書_4236,540,電気工学,264,工藤 典子,1969/12/22,1970/5/10,10,263,183,34,1540,1,,偕成社
図書_1623,430,化学,222,青木 史郎,2014/9/11,2015/1/18,5,254,185,27,1122,1,,ポプラ社
天文学の謎を解く,440,天文学,273,加藤 三郎,2021/12/18,2022/5/7,8,255,178,30,1275,1,,朝倉書店
図書_3391,340,財政学,484,山田 花子,2012/6/8,2013/2/1,12,181,126,44,884,1,,岩波書店
神戸の夕暮れ,914,日本文学・随筆,313,工藤 陽,2008/9/21,2009/1/7,16,239,149,32,1094,1,,光文社
砂と倫理学,150,倫理学,317,田中 太郎,1967/11/4,1968/10/31,5,171,105,34,544,1,,朝倉書店
湖の向こうに,914,日本文学・随筆,315,西田 香織,2003/8/12,2003/10/25,9,182,130,32,660,1,,オーム社
神戸を旅する,200,歴史総記,372,清水 恵子,1983/2/4,1983/6/24,5,171,103,41,666,1,,オーム社
星と西洋哲学,130,西洋哲学,302,村上 誠,2006/9/8,2006/12/28,8,173,106,26,432,1,,東京創元社
細い経済学,330,経済学,237,遠藤 史郎,2006/10/6,2007/1/11,3,148,104,16,213,1,,偕成社
ぼくの夢,914,日本文学・随筆,156,大野 湊,1996/10/12,1996/10/14,10,153,107,15,224,1,,技術評論社
図書_4430,530,機械工学,399,大野 直子,2020/10/10,2021/11/12,19,248,182,45,1859,1,,双葉社
侍女と現代,210,日本史,315,長谷川 蓮,2012/12/14,2012/12/23,3,217,170,36,1218,1,,中央公論新社
写真家の湖,914,日本文学・随筆,365,吉田 恵子,2007/7/7,2007/7/19,13,145,104,26,387,1,,吉川弘文館
弱い嵐,914,日本文学・随筆,301,藤井 香織,2015/4/1,2016/12/24,16,193,132,25,622,1,,ハヤカワ書房
霧と友情,913,日本文学・小説,284,吉田 蓮,2014/8/22,2014/8/26,26,178,126,25,552,1,,有斐閣
倫理学の世界,150,倫理学,339,橋本 和子,2013/11/27,2014/2/9,9,174,102,30,601,1,,幻冬舎
金沢の姫,913,日本文学・小説,396,原田 香織,2013/4/11,2013/9/15,4,188,117,31,618,1,,文藝春秋
音楽を学ぶ,760,音楽,377,渡辺 光,2020/8/15,2021/1/16,4,231,170,44,1679,1,,技術評論社
優しい風,913,日本文学・小説,305,土屋 陽,2005/12/22,2006/2/18,4,186,137,25,606,1,,ミネルヴァ書房
The last shadow,933,英米文学・小説,287,Karen Young,2005/3/4,2005/10/4,15,181,129,28,576,1,,角川書店
大きな英語学,830,英語,236,長谷川 京子,2020/11/1,2021/7/6,6,185,130,20,430,1,,勁草書房
武士と現代,210,日本史,279,島田 蓮,2014/9/19,2014/9/27,13,174,109,27,466,1,,新潮社
明るい谷譚,913,日本文学・小説,349,遠藤 奈々,2009/9/21,2009/10/6,9,176,129,27,563,1,,中央公論新社
あの梅雨の川,913,日本文学・小説,344,井上 史郎,2018/9/23,2018/11/15,12,194,119,28,578,1,,弘文堂
song of Dublin,953,フランス文学・小説,241,Thomas Moore,2021/7/14,2022/1/21,11,223,153,22,656,1,,文藝春秋
図書_4175,420,物理学,280,中村 凛,2012/5/7,2012/10/5,14,171,106,29,512,1,,勁草書房
探偵と霧,929,中国文学・小説,346,池田 奈々,1994/7/20,1995/8/29,6,144,109,24,368,1,,岩波書店
熊本の残暑,916,日本文学・記録・手記,221,阿部 咲,1972/11/5,1973/9/15,18,185,130,22,480,1,,朝倉書店
図書_3356,20,図書・書誌学,360,柴田 直子,1986/1/27,1987/9/18,6,169,105,35,636,1,,有斐閣
丘と奇跡,913,日本文学・小説,337,中村 次郎,2010/11/24,2011/3/12,19,204,149,33,1048,1,,岩波書店
詩人と時間,913,日本文学・小説,420,坂本 太郎,2013/9/23,2014/5/5,5,177,131,40,864,1,,日本評論社
図書_2970,530,機械工学,560,近藤 京子,1978/7/28,1978/9/13,4,173,102,61,935,1,,PHP研究所
仙台を旅する,200,歴史総記,535,高橋 湊,2011/1/22,2011/2/16,3,262,177,66,2761,1,,双葉社
現代スポーツ科学,780,スポーツ,243,青木 莉子,2019/8/16,2019/8/23,17,210,163,31,1091,1,,東京創元社
樹と愛,913,日本文学・小説,359,吉田 京子,2010/4/14,2010/10/13,9,229,157,42,1327,1,,中央公論新社
魔法の霧 6巻,913,日本文学・小説,433,柴田 雄一,2014/6/4,2014/10/26,4,221,173,41,1394,1,6,翔泳社
図書_4458,490,医学,440,柴田 拓哉,2023/9/23,2023/10/29,8,253,177,53,2043,1,,講談社
図書_4142,30,百科事典,260,加藤 三郎,1998/5/14,1998/6/24,13,182,107,21,378,1,,翔泳社
影と知識,790,諸芸・娯楽,308,平野 奈々,2021/3/4,2021/11/8,4,222,148,29,914,1,,東京創元社
図書_4757,590,家政学,353,鈴木 直子,1991/11/2,1991/11/9,5,172,103,30,492,1,,偕成社
沖縄の冬,930,英米文学総記,449,Patricia Harris,2002/11/16,2003/3/10,12,226,171,51,1713,1,,集英社
料理人の湖,913,日本文学・小説,397,山田 美咲,1976/9/6,1977/3/29,7,147,98,28,376,1,,角川書店
A silent voice,983,スカンジナビア文学,270,Donald Turner,2023/6/1,2024/12/31,9,182,132,20,433,1,,弘文堂
star of Dublin,933,英米文学・小説,271,Mark Phillips,2006/5/21,2007/4/30,17,213,143,29,857,1,,光文社
声と希望,913,日本文学・小説,363,平野 三郎,1998/4/12,1999/2/10,3,178,127,30,632,1,,翔泳社
図書_4878,420,物理学,645,西村 敦,2006/6/19,2006/7/27,3,264,180,77,3193,1,,朝倉書店
ヨーロッパを旅する,200,歴史総記,276,中村 恵子,1992/9/28,1993/3/25,11,172,98,27,413,1,,双葉社
魂と友情,913,日本文学・小説,195,中村 奈々,2019/9/3,2019/10/31,12,177,130,16,337,1,,祥伝社
草原と倫理学,150,倫理学,194,西村 和子,1976/11/25,1977/4/28,6,172,103,20,389,1,,幻冬舎
姫と大正,200,歴史総記,169,佐藤 次郎,1974/10/27,1975/1/13,14,174,102,16,317,1,,丸善
魔法の窓 2巻,913,日本文学・小説,230,三浦 葵,2017/7/26,2017/8/14,4,179,130,17,394,2,2,翔泳社
図書_4529,160,宗教総記,264,村上 咲,2002/6/27,2002/7/4,11,226,158,26,980,1,,新潮社
土木工学概論,510,土木工学,251,近藤 雄一,2016/12/25,2017/1/8,3,250,195,32,1336,1,,光文社
火と日本語学,810,日本語,345,島田 京子,1973/11/1,1975/7/13,3,149,100,33,495,1,,集英社
sky of Dublin,933,英米文学・小説,324,Nancy Wright,1950/10/16,1950/12/10,10,176,132,24,540,1,,日本評論社
ぼくらの鍵 2巻,913,日本文学・小説,477,近藤 咲,2011/8/18,2011/11/4,11,180,126,44,899,1,2,光文社
絵画・美術入門,720,絵画,296,島田 奈々,2021/11/27,2023/2/14,6,224,163,32,1225,1,,偕成社
あの睦月の島,913,日本文学・小説,231,山口 太郎,2020/2/16,2020/5/16,31,181,129,19,383,1,,祥伝社
美しい影,913,日本文学・小説,320,平野 拓哉,1981/5/21,1981/7/31,10,191,123,26,578,1,,PHP研究所
軽い経済学,330,経済学,315,柴田 蓮,2018/7/13,2019/7/15,13,149,100,25,365,1,,文藝春秋
図書_4497,410,数学,286,佐藤 典子,2019/11/17,2020/9/1,11,257,177,38,1496,1,,吉川弘文館
図書_2163,420,物理学,134,山口 蓮,1974/12/8,1975/4/27,9,174,104,12,186,1,,日本評論社
道と真実,930,英米文学総記,319,Robert Taylor,1994/8/10,1994/9/9,11,146,107,22,349,1,,早川書房
建築学実習,520,建築学,372,福田 莉子,2018/6/14,2019/3/6,3,173,105,40,633,1,,PHP研究所
武士の海,913,日本文学・小説,238,小川 莉子,1982/5/11,1982/8/1,18,150,104,19,344,1,,岩波書店
鍵王国 5巻,914,日本文学・随筆,362,西田 三郎,2019/1/9,2019/6/23,3,187,129,27,714,2,5,有斐閣
函館を旅する,280,伝記,372,柴田 京子,2006/4/22,2006/7/3,16,248,178,45,1858,1,,中央公論新社
海の向こうに,914,日本文学・随筆,377,清水 香織,1987/2/28,1987/3/15,7,214,139,43,1216,1,,吉川弘文館
弱いメディア論,70,ジャーナリズム,284,三浦 健一,2002/2/12,2002/11/5,7,222,150,32,1005,1,,朝倉書店
王子と大正,220,アジア史,367,西村 理恵,1981/3/21,1981/11/4,4,258,179,45,1892,1,,集英社
Ava's wind,933,英米文学・小説,311,Dorothy Carter,2002/7/27,2002/8/3,12,151,103,24,348,1,,勁草書房
音楽家の花,929,中国文学・小説,347,近藤 太郎,1999/5/6,2000/4/9,14,195,128,32,728,1,,講談社
電気工学ハンドブック,540,電気工学,411,池田 太郎,1972/3/6,1973/1/31,7,256,178,44,1788,1,,講談社
時間と知識,390,国防・軍事,284,鈴木 凛,2004/9/2,2004/12/5,3,177,104,26,456,1,,勁草書房
静かな光,910,日本文学総記,219,伊藤 太郎,2023/5/18,2023/12/21,5,182,131,12,276,1,,早川書房
図書_4215,580,製造工業,368,島田 京子,1971/11/21,1972/9/8,8,257,180,39,1666,1,,集英社
魂と心理学,140,心理学,375,西村 理恵,2015/3/27,2015/9/4,5,171,110,37,675,1,,集英社
図書_3686,548,情報工学,265,福田 葵,2022/6/24,2022/7/15,5,254,173,31,1442,1,,朝倉書店
丘と嘘,913,日本文学・小説,472,中村 健一,2019/8/23,2019/11/2,6,154,109,41,616,1,,岩波書店
英雄と現代,220,アジア史,145,斎藤 凛,1965/5/26,1966/1/6,4,262,184,16,711,1,,PHP研究所
ぼくらの霧 2巻,913,日本文学・小説,328,加藤 奈々,2010/10/18,2010/12/4,12,150,105,18,430,2,2,文藝春秋
あの夜の霧,913,日本文学・小説,257,工藤 隆,2017/1/28,2017/5/5,13,180,125,28,575,1,,双葉社
図書_2102,410,数学,324,松本 由美,1988/1/23,1988/8/7,5,170,105,26,415,1,,早川書房
図書_1253,548,情報工学,378,杉山 大輔,2008/7/24,2009/6/15,10,220,158,45,1423,1,,岩波書店
沖縄の教師,914,日本文学・随筆,284,加藤 恵子,1980/12/17,1980/12/20,10,149,103,21,310,1,,岩波書店
月の伝説 1巻,913,日本文学・小説,259,村上 典子,2008/11/18,2009/4/10,6,220,149,24,720,2,1,光文社
法律学入門,320,法律,306,松本 花子,2019/8/5,2020/10/23,9,166,103,35,518,1,,吉川弘文館
あの木枯らしの森,913,日本文学・小説,493,伊藤 慎吾,2019/1/16,2020/3/11,5,185,125,44,891,1,,新潮社
川と勇気,916,日本文学・記録・手記,205,山本 京子,2006/5/19,2006/8/12,8,148,106,15,240,1,,翔泳社
谷と友情 3巻,914,日本文学・随筆,339,木村 隆,2014/4/4,2014/7/11,3,179,124,36,799,2,3,技術評論社
音楽家の月,916,日本文学・記録・手記,270,清水 裕子,1987/3/6,1987/7/14,16,145,101,21,295,1,,東京創元社
火と信頼,930,英米文学総記,236,William Anderson,1979/7/5,1980/5/12,5,147,109,17,273,1,,岩波書店
苦い島譚,916,日本文学・記録・手記,170,池田 花子,2013/11/7,2014/1/23,13,201,148,18,546,1,,幻冬舎
風と信頼,913,日本文学・小説,244,山口 恵子,2021/11/10,2022/1/13,16,172,128,21,431,1,,中央公論新社
手紙の伝説 5巻,913,日本文学・小説,309,菅原 誠,2019/3/19,2019/8/22,4,177,130,25,515,1,5,角川書店
谷と心理学,140,心理学,222,福田 蓮,2013/6/25,2013/10/17,13,166,101,17,258,1,,幻冬舎
鍵と憎しみ 2巻,914,日本文学・随筆,310,福田 雄一,2011/9/13,2012/1/6,5,149,103,22,314,1,2,偕成社
太陽の伝説 2巻,914,日本文学・随筆,379,木村 湊,2003/8/20,2003/10/10,7,174,117,34,643,1,2,双葉社
沖縄の真昼,913,日本文学・小説,192,山本 健一,2004/7/13,2004/11/16,13,221,159,16,570,1,,幻冬舎
A broken fire,933,英米文学・小説,244,Daniel Scott,1961/12/23,1962/1/29,12,152,106,21,321,1,,ハヤカワ書房
奈良の旅人,913,日本文学・小説,343,山田 美咲,2005/6/14,2005/12/22,10,205,139,37,968,1,,角川書店
長い政治学,310,政治学,199,山田 純,2020/2/6,2020/8/4,7,222,148,20,621,1,,講談社
古い英語学,830,英語,193,村上 和子,2023/2/5,2023/3/25,25,233,157,19,652,1,,幻冬舎
Beyond the storm,973,ドイツ文学・小説,410,Patricia Harris,1976/10/13,1977/1/26,7,152,102,39,531,1,,集英社
夢と日本語学,810,日本語,281,前田 慎吾,2019/7/6,2020/5/15,9,218,162,31,1041,1,,有斐閣
図書_3766,460,生物科学,460,吉田 史郎,2010/10/5,2010/11/25,19,252,190,47,2003,1,,偕成社
花と政治学,310,政治学,204,田中 葵,1984/9/21,1985/1/12,4,176,101,21,350,1,,角川書店
Charlotte's mountain,933,英米文学・小説,331,Laura Davis,1995/8/27,1995/8/30,10,176,127,27,543,1,,早川書房
強い太陽シリーズ 7巻,913,日本文学・小説,140,三浦 純,2002/5/8,2002/7/24,4,150,104,11,151,3,7,丸善
現代科学,560,金属工学,321,坂本 颯,1988/12/5,1989/4/24,5,170,105,40,636,1,,東京創元社
建築学のしくみ,520,建築学,236,高橋 和子,2015/6/21,2016/1/19,10,244,166,27,988,1,,幻冬舎
松山の歴史,200,歴史総記,228,平野 湊,1959/10/3,1960/3/30,4,253,180,28,1224,1,,講談社
法律学のすすめ,320,法律,235,平野 正樹,2014/4/12,2015/7/13,15,180,103,21,617,1,,日本評論社
William's mountain,933,英米文学・小説,313,Dorothy Carter,2021/3/16,2021/5/10,9,149,99,26,443,1,,講談社
A golden city,933,英米文学・小説,253,Patricia Harris,2014/1/18,2014/8/21,10,183,122,23,458,1,,集英社
図書_4239,480,動物学,557,松本 健一,2018/11/24,2019/8/22,3,245,182,59,2356,1,,岩波書店
侍女の森,916,日本文学・記録・手記,149,青木 翔,2015/11/26,2016/1/31,3,180,134,13,283,1,,中央公論新社
図書_4604,420,物理学,419,小林 一朗,2020/6/1,2020/11/4,25,175,107,39,643,1,,早川書房
土木工学のしくみ,510,土木工学,381,藤井 美咲,2007/10/4,2007/11/27,14,171,104,39,617,1,,弘文堂
図書_4500,410,数学,278,柴田 葵,2006/2/17,2006/6/8,6,162,105,32,472,1,,集英社
軽い窓,913,日本文学・小説,350,近藤 莉子,2010/12/15,2011/1/3,7,149,106,24,354,1,,中央公論新社
大きな霧シリーズ 5巻,913,日本文学・小説,278,山本 莉子,2009/11/29,2010/5/2,8,186,133,28,657,1,5,勁草書房
図書_2720,520,建築学,539,井上 浩二,2021/8/14,2022/7/21,14,248,176,73,2686,1,,偕成社
図書_4161,520,建築学,244,加藤 敦,2021/11/9,2021/11/21,4,173,102,18,275,1,,東京創元社
手紙と経済学,330,経済学,371,池田 陽,2014/8/26,2015/6/23,13,149,103,29,398,1,,弘文堂
A forgotten heart,933,英米文学・小説,548,Patricia Harris,1992/12/28,1993/4/2,7,147,105,45,624,1,,中央公論新社
冷たい音楽,760,音楽,290,斎藤 健一,2019/12/14,2020/12/25,3,170,105,32,540,1,,文藝春秋
図書_4094,548,情報工学,320,島田 大輔,2012/3/19,2012/3/24,8,261,175,39,1659,1,,角川書店
静かな知識,90,郷土資料,208,木村 光,1967/4/2,1967/9/15,3,167,103,22,347,1,,早川書房
扉とメディア論,70,ジャーナリズム,301,土屋 誠,2014/6/11,2015/6/14,4,247,185,36,1506,1,,早川書房
手紙と法律学,320,法律,289,工藤 次郎,1966/6/19,1966/9/9,47,227,151,26,827,1,,丸善
風の伝説 4巻,914,日本文学・随筆,203,中村 湊,2006/1/19,2006/4/14,6,152,109,16,255,2,4,角川書店
現代哲学,100,哲学総記,290,柴田 正樹,1992/10/23,1993/2/19,5,166,101,25,406,1,,ハヤカワ書房
雨と信頼,913,日本文学・小説,163,山田 純,1956/9/27,1957/3/9,8,149,103,10,158,1,,角川書店
細い言葉シリーズ 6巻,933,英米文学・小説,211,Laura Davis,2004/12/9,2005/4/1,4,207,144,23,615,2,6,早川書房
図書_4335,340,財政学,170,原田 湊,2018/12/19,2018/12/22,18,200,150,21,648,1,,文藝春秋
熱い橋シリーズ 1巻,913,日本文学・小説,437,林 直子,2007/7/31,2007/12/6,14,194,125,35,746,2,1,ハヤカワ書房
魔法の草原 1巻,913,日本文学・小説,347,村上 光,2008/12/11,2009/2/16,11,149,107,31,477,3,1,丸善
大きな哲学,100,哲学総記,206,藤井 恵子,1968/7/18,1968/9/12,3,171,102,22,368,1,,有斐閣
図書_2652,420,物理学,250,林 浩二,2023/2/26,2024/2/17,14,164,109,25,411,1,,ミネルヴァ書房
老人と大正,220,アジア史,485,斎藤 正樹,2020/6/10,2020/6/15,5,263,180,54,2237,1,,早川書房
図書_2589,460,生物科学,431,吉田 敦,2021/5/16,2021/5/16,14,261,188,51,2189,1,,角川書店
魔法の砂 4巻,914,日本文学・随筆,408,吉田 次郎,2008/2/16,2008/6/11,3,148,107,39,561,2,4,集英社
新しい日本語学,810,日本語,331,今井 蓮,1998/6/2,1998/6/24,4,219,159,37,1185,1,,早川書房
魔法の影 2巻,933,英米文学・小説,323,Linda Jackson,2013/1/6,2013/6/30,10,223,140,38,1119,1,2,光文社
図書_2866,390,国防・軍事,261,近藤 陽,2023/2/20,2023/2/23,24,196,136,27,730,1,,日本評論社
図書_2398,480,動物学,337,田中 一朗,2021/11/27,2022/3/30,18,170,102,35,555,1,,PHP研究所
扉の向こうに,929,中国文学・小説,327,高橋 直子,2017/3/8,2018/2/19,15,203,148,32,960,1,,ミネルヴァ書房
王子と雪,913,日本文学・小説,229,青木 莉子,2022/3/24,2022/4/7,14,146,103,21,282,1,,東京創元社
侍女と影,913,日本文学・小説,247,今井 咲,2012/3/23,2012/4/8,7,210,138,23,709,1,,早川書房
図書_3166,490,医学,183,石川 颯,1996/3/12,1996/10/23,9,173,107,20,343,1,,偕成社
図書_4386,470,植物学,562,工藤 史郎,2020/10/16,2020/10/26,3,174,107,62,969,1,,PHP研究所
長い知識,110,哲学各論,189,斎藤 雄一,2014/12/11,2015/1/30,7,211,169,21,702,1,,早川書房
甘いキリスト教学,190,キリスト教,307,菊地 健一,1995/7/2,1995/9/1,3,259,184,38,1737,1,,幻冬舎
図書_3489,530,機械工学,341,松本 三郎,2009/1/19,2010/6/14,6,253,184,37,1528,1,,オーム社
窓の伝説 7巻,914,日本文学・随筆,457,菅原 典子,2008/11/28,2008/12/30,4,218,148,46,1317,1,7,東京創元社
孤独な島譚,916,日本文学・記録・手記,245,山田 拓哉,2015/12/11,2016/2/6,3,151,103,15,255,1,,新潮社
樹と仏教学,180,仏教,271,渡辺 一朗,1960/2/12,1960/12/15,3,256,188,32,1387,1,,ハヤカワ書房
図書_2497,548,情報工学,400,斎藤 和子,1956/4/13,1956/8/5,7,173,104,43,707,1,,集英社
嵐の向こうに,916,日本文学・記録・手記,307,福田 颯,2019/1/25,2019/10/27,29,189,121,28,578,1,,東京創元社
図書_3538,410,数学,422,吉田 裕子,1997/5/12,1997/11/23,15,258,187,57,2350,1,,朝倉書店
Ava's land,933,英米文学・小説,318,Lisa Green,1975/1/27,1975/12/11,14,216,153,38,1213,1,,弘文堂
東京の文月,913,日本文学・小説,313,田中 奈々,2023/9/21,2024/11/14,5,178,124,27,650,1,,PHP研究所
料理人と平安,230,ヨーロッパ史,368,橋本 史郎,2008/4/6,2008/10/30,8,253,182,42,1792,1,,講談社
静かな泉譚,913,日本文学・小説,310,松本 裕子,2001/5/10,2001/9/4,5,184,118,26,481,1,,東京創元社
職人の窓,913,日本文学・小説,355,田中 京子,1985/5/19,1985/6/27,7,146,107,30,439,1,,勁草書房
図書_2756,850,フランス語,333,土屋 誠,2016/7/16,2017/1/12,4,231,158,40,1469,1,,早川書房
長い東洋思想,120,東洋思想,343,阿部 浩二,2021/11/11,2022/3/27,7,245,188,42,1911,1,,新潮社
旅人と雪,913,日本文学・小説,323,村上 恵子,2007/9/11,2007/12/10,5,225,151,36,1109,1,,双葉社
少女と古代,210,日本史,330,平野 蓮,1999/9/22,1999/10/13,8,227,155,42,1311,1,,有斐閣
冷たい倫理学,150,倫理学,348,福田 咲,2022/12/4,2023/5/5,14,209,175,36,1236,1,,祥伝社
将軍と大正,200,歴史総記,239,菅原 陽,2007/7/9,2007/11/1,7,266,183,28,1256,1,,丸善
図書_3413,110,哲学各論,344,斎藤 裕子,2023/12/14,2024/10/27,24,166,99,31,495,1,,幻冬舎
石と心理学,140,心理学,155,青木 直子,2000/6/10,2000/8/31,3,177,99,14,239,1,,日本評論社
橋と社会学,360,社会学,420,工藤 陽,1989/2/12,1989/2/25,16,179,109,41,797,1,,偕成社
谷の伝説 3巻,913,日本文学・小説,264,西村 拓哉,2021/7/6,2021/12/24,5,153,106,22,333,2,3,PHP研究所
侍女と月,910,日本文学総記,345,中村 奈々,2012/4/6,2012/11/24,6,213,166,43,1391,1,,祥伝社
海と嘘 2巻,913,日本文学・小説,234,平野 文子,2006/4/22,2006/7/30,5,141,109,18,261,2,2,角川書店
冷たい心譚,914,日本文学・随筆,223,阿部 慎吾,1998/2/4,1999/8/21,4,151,109,21,305,1,,ミネルヴァ書房
赤い哲学,100,哲学総記,177,清水 凛,1992/5/25,1992/8/13,8,223,155,19,651,1,,丸善
風と未来,914,日本文学・随筆,240,前田 莉子,2020/5/6,2020/7/15,32,208,134,27,746,1,,福音館書店
図書_3747,520,建築学,264,岩田 誠,1970/12/19,1971/1/4,4,163,101,28,462,1,,PHP研究所
図書_2516,590,家政学,515,山本 由美,1969/11/4,1970/4/28,11,210,167,61,1893,1,,オーム社
図書_3745,570,化学工業,339,島田 拓哉,1967/11/8,1968/7/10,9,262,177,43,1817,1,,翔泳社
Ava's road,933,英米文学・小説,301,Michael Brown,2017/9/16,2017/12/18,16,150,110,22,328,1,,日本評論社
風の伝説 7巻,914,日本文学・随筆,200,中村 湊,2011/1/12,2011/5/5,5,155,108,14,245,3,7,岩波書店
The bright land,953,フランス文学・小説,267,Donald Turner,2017/9/17,2018/3/13,11,216,165,28,874,1,,弘文堂
あの春の影,913,日本文学・小説,504,清水 恵子,2020/3/6,2020/3/11,7,143,108,34,464,1,,弘文堂
図書_1993,420,物理学,393,平野 浩二,2014/1/11,2015/3/2,3,174,102,37,572,1,,ポプラ社
図書_3199,520,建築学,478,石川 大輔,2020/7/10,2020/9/6,4,257,189,65,2815,1,,集英社
図書_4491,548,情報工学,320,原田 一朗,1972/9/12,1972/12/30,3,170,105,32,503,1,,PHP研究所
新版数学,410,数学,640,佐藤 翔,1957/2/15,1957/6/7,8,174,107,64,1051,1,,ハヤカワ書房
図書_3572,490,医学,286,佐藤 奈々,2021/6/6,2021/7/13,9,173,105,28,449,1,,光文社
The Last city,933,英米文学・小説,343,Emma Thompson,1983/2/22,1983/7/21,10,152,104,26,378,1,,講談社
医学演習,490,医学,395,中村 咲,2017/8/12,2018/4/19,9,258,180,41,1739,1,,講談社
苦い心理学,140,心理学,345,井上 凛,2019/12/5,2020/2/14,9,175,105,38,602,1,,日本評論社
wind of Paris,953,フランス文学・小説,367,Patricia Harris,1977/5/6,1977/5/21,12,149,104,27,385,1,,集英社
函館の黎明,913,日本文学・小説,382,伊藤 由美,2012/2/15,2012/6/12,3,233,155,38,1245,1,,中央公論新社
The last dream,933,英米文学・小説,279,Joseph Allen,1979/12/28,1980/1/17,11,149,104,21,315,1,,ポプラ社
博士と古代,280,伝記,435,伊藤 大輔,2020/12/19,2021/1/18,5,219,165,41,1371,1,,ポプラ社
アメリカを旅する,200,歴史総記,264,近藤 颯,2014/3/26,2015/3/21,8,235,159,32,1126,1,,翔泳社
魔女の島,913,日本文学・小説,212,山本 奈々,1973/2/8,1974/11/16,5,149,108,18,294,1,,ハヤカワ書房
鍵と経済学,330,経済学,199,工藤 湊,1993/3/20,1993/5/9,6,175,105,20,364,1,,偕成社
数学の謎を解く,410,数学,426,今井 陽,1952/11/11,1952/12/27,16,238,153,48,1564,1,,幻冬舎
心と孤独,913,日本文学・小説,256,石川 次郎,2000/1/22,2000/5/18,7,223,170,21,761,1,,福音館書店
Amelia's heart,983,スカンジナビア文学,322,Sandra Evans,2017/11/10,2018/5/12,12,184,138,30,685,1,,有斐閣
侍女の太陽,913,日本文学・小説,596,田中 博,2016/2/28,2016/10/14,12,227,163,60,2742,1,,ポプラ社
長い空譚,913,日本文学・小説,149,渡辺 浩二,1959/4/15,1959/5/1,15,217,148,13,468,1,,文藝春秋
動物学実習,480,動物学,359,林 大輔,2003/6/15,2005/6/30,16,225,165,37,1215,1,,ハヤカワ書房
熱い太陽譚,910,日本文学総記,261,岡田 裕子,2023/3/21,2023/5/30,21,190,123,21,430,1,,福音館書店
霧のかけら,916,日本文学・記録・手記,245,林 純,1963/10/28,1963/12/10,12,148,102,21,290,1,,翔泳社
魔法の花 1巻,933,英米文学・小説,303,Nancy Wright,2015/8/13,2015/9/6,14,149,104,23,337,1,1,日本評論社
石と経済学,330,経済学,440,山本 正樹,2023/1/8,2023/1/24,11,180,130,41,861,1,,勁草書房
長野の文月,913,日本文学・小説,248,藤井 颯,1952/2/7,1952/8/11,8,216,166,28,963,1,,小学館
A golden heart,933,英米文学・小説,316,Daniel Scott,2008/9/4,2008/10/22,17,182,126,30,647,1,,ハヤカワ書房
那覇の残暑,914,日本文学・随筆,376,西村 湊,2023/8/3,2023/8/23,20,180,125,32,649,1,,翔泳社
金沢の梅雨,913,日本文学・小説,236,中村 美咲,2001/3/20,2002/2/5,6,178,134,24,603,1,,角川書店
神戸の木枯らし,929,中国文学・小説,279,林 三郎,1961/2/7,1961/6/8,11,150,111,26,361,1,,ハヤカワ書房
音楽家と平安,230,ヨーロッパ史,235,菅原 一朗,1979/8/12,1979/8/13,5,224,164,25,847,1,,新潮社
草原と英語学,830,英語,360,藤原 恵子,2017/5/6,2017/8/24,11,149,108,36,574,1,,ハヤカワ書房
生物学ハンドブック,460,生物科学,431,鈴木 美咲,1960/1/18,1960/7/2,16,235,150,54,1681,1,,幻冬舎
悲しい霧シリーズ 3巻,933,英米文学・小説,296,Susan Hall,2016/3/22,2016/8/30,11,178,126,27,557,1,3,オーム社
数学入門,410,数学,283,石川 光,2010/5/22,2010/8/21,7,217,140,29,829,1,,弘文堂
図書_3920,480,動物学,215,西村 隆,2019/12/9,2020/10/30,3,253,178,24,1279,1,,ハヤカワ書房
night of Oslo,953,フランス文学・小説,261,Barbara Lewis,1984/3/14,1984/7/7,12,153,102,17,262,1,,勁草書房
雪と法律学,320,法律,251,三浦 博,1958/8/17,1958/10/13,3,216,157,28,921,1,,東京創元社
The wild mountain,933,英米文学・小説,260,Barbara Lewis,2007/4/5,2007/6/26,9,175,131,22,504,1,,勁草書房
図書_4536,500,技術・工学総記,318,高橋 次郎,1988/12/2,1988/12/29,3,214,138,31,828,1,,祥伝社
霧と奇跡 8巻,933,英米文学・小説,281,Betty Adams,2011/10/3,2012/1/27,3,181,128,25,512,1,8,技術評論社
画家と戦国,280,伝記,417,原田 大輔,2014/1/1,2014/12/22,8,262,189,51,2201,1,,技術評論社
図書_3830,470,植物学,183,近藤 誠,2019/4/26,2019/12/29,12,249,185,20,860,1,,弘文堂
図書_2112,430,化学,397,坂本 誠,2019/6/3,2020/7/2,15,254,174,38,1445,1,,翔泳社
図書_4700,750,工芸,361,吉田 敦,2015/11/10,2016/1/1,20,145,100,26,342,1,,角川書店
教師の鍵,913,日本文学・小説,366,渡辺 陽,1958/7/6,1958/8/4,6,179,119,31,624,1,,東京創元社
図書_3339,750,工芸,214,三浦 正樹,1963/4/13,1963/8/14,3,225,159,22,749,1,,光文社
白い鍵シリーズ 8巻,914,日本文学・随筆,314,高橋 浩二,2005/1/2,2005/4/23,4,187,125,30,635,1,8,日本評論社
中世の日本史,210,日本史,298,福田 次郎,1970/2/4,1971/10/20,4,257,172,38,1469,1,,ミネルヴァ書房
川と知識,770,演劇,331,青木 慎吾,2018/7/4,2018/12/12,7,146,102,35,477,1,,日本評論社
図書_2725,510,土木工学,194,西村 拓哉,2022/7/21,2022/9/12,8,257,189,21,931,1,,PHP研究所
旅人の言葉,913,日本文学・小説,278,柴田 蓮,2022/8/14,2022/8/28,12,185,120,30,708,1,,福音館書店
森と未来 3巻,914,日本文学・随筆,242,工藤 由美,2018/12/1,2018/12/23,9,154,102,16,242,1,3,PHP研究所
図書_4556,540,電気工学,206,山本 次郎,2023/7/18,2023/10/19,17,259,186,25,1169,1,,有斐閣
冷たい仏教学,180,仏教,305,松本 由美,2014/9/13,2014/10/30,5,251,174,36,1458,1,,早川書房
図書_4079,350,統計学,187,西田 凛,1966/1/1,1966/3/25,4,150,99,18,249,1,,福音館書店
夜の光,913,日本文学・小説,237,三浦 和子,1976/4/22,1976/7/17,4,189,130,22,488,1,,弘文堂
細い丘シリーズ 1巻,933,英米文学・小説,183,Mark Phillips,2013/8/7,2013/12/15,7,173,133,14,290,1,1,光文社
図書_4171,580,製造工業,544,工藤 拓哉,1993/7/17,1994/3/14,9,176,94,56,777,1,,双葉社
新しい光,930,英米文学総記,297,Betty Adams,2021/5/23,2021/7/12,3,205,156,32,956,1,,技術評論社
教師と江戸,210,日本史,453,三浦 直子,2009/4/19,2009/6/16,6,255,179,58,2352,1,,朝倉書店
平安人物伝,280,伝記,264,長谷川 咲,2007/5/16,2007/5/17,6,236,175,26,1008,1,,祥伝社
図書_2712,548,情報工学,333,佐藤 理恵,1985/1/14,1985/3/4,7,256,190,41,1734,1,,偕成社
窓の伝説 4巻,914,日本文学・随筆,380,菅原 典子,2003/9/2,2004/2/24,5,147,106,29,429,2,4,東京創元社
図書_2347,480,動物学,358,小林 奈々,2020/11/10,2021/2/9,11,204,138,45,1211,1,,岩波書店
石と知識,340,財政学,377,藤原 理恵,2008/9/1,2009/1/24,9,214,169,40,1452,1,,祥伝社
仏教学のすすめ,180,仏教,256,田中 光,2020/7/8,2020/11/11,8,176,99,28,451,1,,日本評論社
dream of Paris,953,フランス文学・小説,333,Patricia Harris,2017/8/17,2018/3/2,13,150,107,22,319,1,,翔泳社
図書_3328,548,情報工学,397,斎藤 花子,2019/8/23,2020/4/14,3,261,176,47,2005,1,,早川書房
魔法の霧 4巻,913,日本文学・小説,366,柴田 雄一,2009/11/12,2009/12/1,5,185,128,34,701,2,4,翔泳社
遠いスポーツ科学,780,スポーツ,318,加藤 莉子,2018/8/21,2018/12/20,6,175,103,34,584,1,,朝倉書店
The hidden shadow,933,英米文学・小説,274,Ashley Collins,2000/3/1,2000/8/24,18,227,149,30,891,1,,双葉社
図書_4233,420,物理学,422,清水 博,2016/3/21,2017/2/7,7,223,140,48,1368,1,,丸善
魔法の丘 2巻,913,日本文学・小説,275,田中 蓮,1996/6/3,1996/10/5,8,148,104,24,375,1,2,福音館書店
空と勇気,913,日本文学・小説,243,平野 正樹,2011/11/16,2012/10/17,15,188,124,19,411,1,,新潮社
図書_4624,530,機械工学,583,斎藤 京子,2003/1/21,2003/5/31,18,255,180,83,3293,1,,ハヤカワ書房
あの桜の頃の風,913,日本文学・小説,437,鈴木 颯,2018/1/27,2018/2/3,9,240,155,48,1614,1,,祥伝社
花の伝説 9巻,913,日本文学・小説,408,小林 次郎,2008/11/30,2009/4/12,3,154,102,35,460,2,9,集英社
図書_1868,420,物理学,361,村上 蓮,1956/1/6,1956/3/23,5,175,107,36,604,1,,角川書店
写真家と江戸,280,伝記,476,三浦 次郎,2019/5/9,2019/9/5,7,261,179,56,2335,1,,小学館
悲しい記憶譚,913,日本文学・小説,233,田中 直子,2020/4/24,2020/10/14,19,177,122,20,384,1,,吉川弘文館
湖の伝説 6巻,913,日本文学・小説,360,小林 次郎,2000/11/8,2001/2/4,3,185,131,34,720,2,6,ハヤカワ書房
横浜の探偵,913,日本文学・小説,345,小川 京子,2015/10/2,2015/12/24,10,154,98,30,408,1,,新潮社
青い谷譚,913,日本文学・小説,301,中村 奈々,2004/12/6,2004/12/26,7,175,130,26,518,1,,祥伝社
月を探して,930,英米文学総記,289,Nancy Wright,2018/7/15,2018/11/12,15,181,135,28,629,1,,日本評論社
garden of Paris,933,英米文学・小説,302,Joseph Allen,2014/8/11,2015/1/16,15,147,102,21,391,1,,吉川弘文館
図書_3854,820,中国語,190,山口 凛,2002/3/18,2004/4/21,15,152,101,15,231,1,,ハヤカワ書房
図書_4178,140,心理学,292,藤原 奈々,2007/5/1,2007/9/16,11,174,100,30,491,1,,文藝春秋
図書_1810,110,哲学各論,174,西田 湊,1981/12/7,1982/1/8,3,213,153,17,650,1,,祥伝社
輝く日本語学,810,日本語,347,前田 湊,1957/1/22,1957/7/22,4,147,105,25,368,1,,福音館書店
深い森,913,日本文学・小説,417,山本 健一,2023/9/23,2024/1/31,14,180,128,32,722,1,,小学館
あの夏の心,913,日本文学・小説,236,前田 誠,2022/4/19,2022/7/1,13,186,128,18,374,1,,朝倉書店
軽い影譚,913,日本文学・小説,315,井上 誠,2013/7/14,2013/7/23,10,148,100,24,324,1,,講談社
ぼくらの丘 9巻,914,日本文学・随筆,287,柴田 陽,1998/8/30,1998/9/15,3,214,156,28,850,1,9,オーム社
熊本の医者,913,日本文学・小説,571,今井 由美,2011/8/7,2011/8/18,7,148,103,52,722,1,,ハヤカワ書房
彼女の太陽,913,日本文学・小説,366,山本 莉子,1997/3/6,1997/3/29,17,222,154,41,1398,1,,東京創元社
図書_4121,480,動物学,366,菊地 典子,1994/11/26,1995/1/21,10,177,105,37,619,1,,中央公論新社
図書_4802,548,情報工学,227,石川 京子,2013/4/18,2014/12/5,13,214,149,24,668,1,,角川書店
ぼくらの太陽 2巻,913,日本文学・小説,132,藤原 典子,1990/6/29,1990/8/30,12,151,107,10,154,1,2,吉川弘文館
あの初雪の星,913,日本文学・小説,327,清水 花子,2009/5/5,2009/10/31,3,151,101,27,364,1,,オーム社
丘の伝説 3巻,913,日本文学・小説,421,加藤 直子,1997/9/17,1997/10/2,4,152,105,36,500,2,3,中央公論新社
図書_3143,160,宗教総記,338,西田 拓哉,2014/11/18,2014/12/18,4,209,170,34,1174,1,,幻冬舎
図書_4647,420,物理学,319,菊地 光,2019/2/5,2019/6/10,13,228,164,25,1016,1,,光文社
長崎の睦月,914,日本文学・随筆,261,岩田 裕子,2003/7/13,2004/9/28,6,220,142,28,799,1,,翔泳社
花の伝説 4巻,913,日本文学・小説,293,小林 次郎,2000/8/27,2001/1/11,3,145,108,19,276,2,4,翔泳社
図書_2175,850,フランス語,259,山本 葵,1974/7/28,1974/10/17,7,146,107,21,289,1,,早川書房
Beyond the garden,933,英米文学・小説,330,Dorothy Carter,2008/1/27,2008/6/10,7,225,153,35,1175,1,,光文社
作家の樹,914,日本文学・随筆,324,青木 浩二,2021/1/11,2021/7/9,11,150,107,23,341,1,,角川書店
図書_2478,530,機械工学,343,今井 拓哉,1990/5/8,1990/10/16,18,172,106,32,530,1,,幻冬舎
探偵と戦国,230,ヨーロッパ史,337,島田 史郎,2015/2/4,2016/7/10,3,174,100,34,562,1,,早川書房
泉と社会学,360,社会学,286,坂本 奈々,1996/3/14,1996/7/26,10,219,147,30,988,1,,技術評論社
図書_2580,30,百科事典,338,岡田 文子,1956/8/23,1959/2/11,7,233,129,37,1088,1,,PHP研究所
古い日本語学,810,日本語,440,柴田 莉子,2014/8/14,2015/3/11,6,186,126,42,928,1,,日本評論社
王子と波,914,日本文学・随筆,384,吉田 奈々,2022/10/18,2023/5/29,6,187,127,29,610,1,,集英社
横浜を旅する,210,日本史,556,鈴木 湊,2014/4/11,2014/6/16,7,166,102,55,834,1,,弘文堂
魔法の草原 3巻,913,日本文学・小説,280,村上 光,2011/8/24,2011/10/15,7,211,135,26,663,1,3,オーム社
A bright storm,933,英米文学・小説,331,Lisa Green,1965/6/26,1965/10/21,12,233,143,41,1249,1,,文藝春秋
図書_2759,440,天文学,520,柴田 莉子,1953/7/16,1953/10/29,6,251,181,62,2485,1,,弘文堂
森のかけら,913,日本文学・小説,244,原田 裕子,1975/11/20,1976/1/17,10,150,102,18,268,1,,角川書店
図書_4755,340,財政学,136,阿部 裕子,2023/12/19,2024/4/7,6,184,122,10,266,1,,文藝春秋
あの梅雨の泉,916,日本文学・記録・手記,326,前田 翔,2019/1/16,2019/3/6,20,148,104,29,413,1,,PHP研究所
嵐と法律学,320,法律,153,山口 花子,2022/2/10,2024/2/6,28,149,107,12,183,1,,東京創元社
火と秘密 1巻,913,日本文学・小説,389,青木 太郎,2010/12/31,2011/6/16,19,186,135,32,783,2,1,集英社
長い夢シリーズ 2巻,913,日本文学・小説,252,山本 典子,1993/8/10,1994/1/31,10,236,160,31,1264,1,2,PHP研究所
輝く扉シリーズ 4巻,913,日本文学・小説,462,西村 文子,2008/5/1,2008/6/24,14,147,105,32,489,1,4,早川書房
図書_2856,570,化学工業,335,池田 一朗,2022/4/3,2023/7/14,22,176,102,29,463,1,,ポプラ社
図書_4765,350,統計学,226,木村 奈々,2018/8/7,2019/6/12,7,183,129,22,547,1,,丸善
海と心理学,140,心理学,230,池田 直子,2016/6/8,2016/7/27,6,198,179,26,867,1,,吉川弘文館
強い音楽,760,音楽,323,池田 凛,1953/1/18,1953/7/9,8,215,140,36,1047,1,,ポプラ社
The Last heart,933,英米文学・小説,338,Laura Davis,2023/3/20,2023/9/20,9,212,158,36,1132,1,,早川書房
火を探して,913,日本文学・小説,488,石川 大輔,2019/10/25,2020/3/20,5,174,121,43,856,1,,集英社
写真家の丘,910,日本文学総記,447,西田 大輔,2023/3/5,2023/9/20,16,208,169,53,1814,1,,吉川弘文館
軽い哲学,100,哲学総記,291,村上 由美,2018/11/7,2018/12/18,8,171,100,23,360,1,,光文社
あの桜の頃の橋,913,日本文学・小説,400,岩田 拓哉,2007/12/27,2007/12/28,11,185,125,44,902,1,,日本評論社
星王国 1巻,913,日本文学・小説,193,中村 陽,2009/2/12,2009/4/1,11,179,127,16,346,1,1,翔泳社
軽い丘譚,910,日本文学総記,421,清水 隆,2013/3/25,2013/8/6,8,152,107,35,514,1,,新潮社
図書_2435,550,海洋工学,482,池田 太郎,1987/3/8,1987/7/7,6,262,176,59,2353,1,,早川書房
魔女と古代,250,北アメリカ史,159,橋本 正樹,2014/7/19,2014/8/13,14,228,166,17,587,1,,集英社
短い扉,913,日本文学・小説,299,池田 雄一,2022/4/4,2022/5/29,5,179,130,27,591,1,,PHP研究所
ぼくらの手紙 1巻,913,日本文学・小説,294,今井 京子,1995/1/24,1995/6/24,5,147,111,22,328,3,1,技術評論社
谷と知識,820,中国語,362,清水 一朗,2014/5/13,2015/5/14,4,201,151,42,1204,1,,オーム社
熱い島,914,日本文学・随筆,289,藤井 隆,2019/9/15,2021/1/24,20,179,129,29,609,1,,中央公論新社
明治の人物伝記,280,伝記,447,今井 奈々,2018/4/18,2018/4/24,5,224,152,36,1148,1,,光文社
魔法の丘 8巻,913,日本文学・小説,289,田中 蓮,2009/1/8,2009/5/11,5,214,137,30,825,3,8,福音館書店
図書_4839,390,国防・軍事,268,伊藤 莉子,1967/5/5,1967/9/22,20,187,132,23,535,1,,吉川弘文館
図書_3003,500,技術・工学総記,369,藤原 裕子,2006/10/22,2007/1/30,12,224,177,42,1452,1,,勁草書房
長野の夕凪,913,日本文学・小説,271,木村 文子,2005/5/18,2005/7/23,13,149,104,26,385,1,,祥伝社
Charlotte's light,953,フランス文学・小説,294,Richard Martin,1959/9/15,1960/2/22,15,209,157,32,1032,1,,福音館書店
侍女の湖,914,日本文学・随筆,217,杉山 葵,1994/6/9,1995/6/4,15,219,144,25,915,1,,文藝春秋
大きな森,913,日本文学・小説,267,岡田 莉子,2022/5/24,2023/1/15,29,144,108,25,336,1,,日本評論社
図書_4379,790,諸芸・娯楽,283,岡田 奈々,2017/7/7,2017/7/7,8,217,144,29,926,1,,双葉社
詳解化学,430,化学,160,石川 美咲,1988/6/9,1988/10/4,21,261,176,17,676,1,,弘文堂
風を探して,914,日本文学・随筆,316,長谷川 光,1988/4/9,1989/10/22,9,180,139,30,661,1,,翔泳社
図書_4618,540,電気工学,264,橋本 敦,1992/8/28,1993/7/20,16,176,105,24,371,1,,ハヤカワ書房
画家と草原,930,英米文学総記,294,Thomas Moore,2014/11/10,2015/4/5,10,150,105,20,281,1,,ハヤカワ書房
道の伝説 4巻,913,日本文学・小説,149,島田 太郎,2014/11/18,2015/3/10,9,150,105,13,185,1,4,技術評論社
短い道,914,日本文学・随筆,403,渡辺 陽,2001/4/2,2001/7/18,4,177,128,38,776,1,,日本評論社
現代写真,740,写真,292,林 太郎,2010/6/6,2011/2/18,3,209,176,29,998,1,,岩波書店
小さな写真,740,写真,359,近藤 健一,1954/6/2,1954/8/11,5,212,133,41,1052,1,,東京創元社
不思議な教育学,370,教育学,416,島田 浩二,2006/3/27,2006/5/10,6,146,102,37,461,1,,偕成社
図書_4696,340,財政学,317,小林 大輔,2018/5/24,2018/7/17,9,152,105,27,369,1,,オーム社
教師の雪,913,日本文学・小説,254,柴田 直子,1992/8/21,1992/11/12,7,155,103,23,344,1,,有斐閣
あの夜の星,916,日本文学・記録・手記,257,山本 湊,1957/5/1,1957/10/26,8,148,105,20,263,1,,角川書店
福岡の作家,913,日本文学・小説,296,斎藤 湊,2016/2/7,2016/7/25,18,187,130,22,510,1,,小学館
化学実習,430,化学,451,林 凛,2018/2/13,2018/8/21,17,213,165,46,1482,1,,講談社
図書_4191,90,郷土資料,257,西田 陽,2001/7/6,2001/11/8,8,232,145,24,850,1,,技術評論社
ぼくの火,929,中国文学・小説,252,土屋 咲,2019/1/11,2019/3/30,12,224,148,30,898,1,,東京創元社
小さな橋シリーズ 2巻,914,日本文学・随筆,241,小林 健一,2009/1/8,2009/6/27,9,185,132,22,479,1,2,ハヤカワ書房
優しい雨,910,日本文学総記,575,藤井 太郎,2000/7/2,2000/9/15,12,183,134,55,1183,1,,朝倉書店
図書_4260,548,情報工学,306,阿部 雄一,2019/5/27,2019/11/29,46,217,153,28,865,1,,弘文堂
花の伝説 6巻,913,日本文学・小説,265,小林 次郎,2004/2/21,2004/3/11,3,184,129,24,551,1,6,集英社
老人と江戸,210,日本史,291,柴田 大輔,2023/9/22,2023/10/14,10,171,108,30,531,1,,幻冬舎
A golden road,953,フランス文学・小説,257,James Wilson,1958/5/3,1958/7/31,14,181,132,23,528,1,,集英社
図書_2219,420,物理学,356,前田 香織,1986/10/26,1987/7/19,5,258,182,41,1738,1,,小学館
図書_2313,450,地球科学,404,清水 理恵,2023/12/1,2024/7/4,33,224,156,51,1610,1,,小学館
魔法の扉 2巻,933,英米文学・小説,321,Dorothy Carter,2010/12/12,2011/5/22,5,148,108,25,349,2,2,東京創元社
熊本の侍女,930,英米文学総記,268,Nancy Wright,2013/9/21,2013/11/21,14,184,132,26,563,1,,オーム社
料理人と波,910,日本文学総記,436,工藤 三郎,2018/12/21,2019/4/30,11,220,136,51,1399,1,,技術評論社
樹を探して,913,日本文学・小説,176,小林 葵,2000/4/7,2001/4/4,3,218,160,20,612,1,,岩波書店
dream of Oslo,953,フランス文学・小説,288,Dorothy Carter,2011/3/13,2011/3/20,9,151,101,24,403,1,,講談社
Beyond the forest,933,英米文学・小説,248,Lisa Green,2016/3/13,2016/5/30,11,216,150,25,775,1,,弘文堂
遠い石譚,930,英米文学総記,286,Donald Turner,2015/12/4,2015/12/20,9,249,147,33,1109,1,,弘文堂
青い心譚,914,日本文学・随筆,226,原田 陽,2000/3/8,2000/3/9,4,209,147,25,682,1,,ミネルヴァ書房
青い哲学,100,哲学総記,272,田中 次郎,1980/10/22,1980/12/2,10,256,179,29,1423,1,,幻冬舎
ぼくらの石 4巻,914,日本文学・随筆,388,井上 一朗,2012/2/9,2012/4/21,9,181,130,33,687,2,4,祥伝社
図書_4642,490,医学,346,清水 正樹,2008/6/26,2009/4/22,14,251,178,42,1765,1,,光文社
The broken star,933,英米文学・小説,285,Laura Davis,2019/12/3,2019/12/15,11,156,96,24,327,1,,早川書房
影と西洋哲学,130,西洋哲学,396,佐藤 葵,1980/6/5,1980/9/21,8,219,155,44,1391,1,,朝倉書店
星と知識,340,財政学,353,池田 美咲,2023/2/26,2023/7/4,21,211,155,40,1215,1,,講談社
図書_2645,420,物理学,347,西村 理恵,2011/5/22,2011/7/5,3,257,178,41,1651,1,,集英社
雨の伝説 4巻,913,日本文学・小説,359,村上 光,2007/9/24,2008/1/28,5,146,107,21,291,1,4,ポプラ社
少年の言葉,913,日本文学・小説,401,木村 凛,2022/5/23,2022/10/10,14,180,121,36,697,1,,早川書房
図書_4575,770,演劇,271,原田 美咲,1975/1/9,1976/3/19,7,235,158,35,1185,1,,新潮社
山と倫理学,150,倫理学,232,小川 誠,2013/8/12,2014/4/24,12,265,183,27,1325,1,,勁草書房
図書_4454,490,医学,554,土屋 奈々,1952/6/25,1952/7/29,32,252,176,68,2657,1,,オーム社
軽い嵐譚,913,日本文学・小説,318,大野 颯,2023/3/14,2023/4/11,3,153,106,22,344,1,,弘文堂
図書_4498,840,ドイツ語,293,三浦 純,2015/10/12,2015/12/7,7,176,118,24,501,1,,丸善
霧と悲しみ 2巻,913,日本文学・小説,307,吉田 誠,2012/8/5,2012/12/29,4,148,102,24,342,1,2,丸善
物理学のしくみ,420,物理学,409,加藤 翔,2021/6/21,2021/10/10,25,254,182,50,1988,1,,朝倉書店
青い社会学,360,社会学,276,鈴木 由美,2020/1/6,2020/1/23,13,148,106,22,316,1,,技術評論社
図書_3876,500,技術・工学総記,420,加藤 咲,2004/3/28,2005/2/27,5,264,181,57,2315,1,,早川書房
作家と丘,913,日本文学・小説,328,島田 京子,1954/11/8,1955/6/6,14,182,128,27,574,1,,日本評論社
A silent sea,933,英米文学・小説,226,Susan Hall,2015/5/20,2015/6/19,20,206,149,27,741,1,,オーム社
図書_4996,830,英語,246,原田 正樹,1967/9/17,1968/3/22,7,172,106,26,411,1,,東京創元社
青い泉,913,日本文学・小説,360,遠藤 翔,1994/4/1,1994/4/9,3,189,122,31,627,1,,日本評論社
Emma's river,973,ドイツ文学・小説,360,Mark Phillips,2016/10/17,2016/11/18,15,149,105,31,420,1,,幻冬舎
魔法の火 4巻,913,日本文学・小説,338,柴田 典子,1992/7/11,1992/7/29,4,223,161,34,1167,1,4,勁草書房
明るい霧,916,日本文学・記録・手記,219,近藤 颯,1998/7/1,1998/8/8,15,217,147,25,753,1,,オーム社
図書_3378,10,図書館学,199,平野 健一,1980/3/14,1980/7/18,11,173,107,22,365,1,,オーム社
図書_4745,500,技術・工学総記,472,坂本 凛,2023/2/8,2023/3/31,21,167,99,50,732,1,,偕成社
図書_4008,490,医学,384,橋本 凛,1984/1/6,1984/7/8,4,218,130,45,1145,1,,角川書店
図書_4746,200,歴史総記,285,山本 理恵,1987/12/22,1987/12/22,22,224,147,34,1090,1,,弘文堂
はじめての生物学,460,生物科学,262,伊藤 拓哉,1953/3/2,1953/3/24,19,252,182,31,1304,1,,集英社
弱い波譚,913,日本文学・小説,419,岡田 陽,2022/4/8,2022/10/2,39,217,146,40,1149,1,,幻冬舎
嵐と悲しみ,913,日本文学・小説,413,大野 博,1966/6/5,1967/3/16,11,196,128,33,726,1,,小学館
よくわかる工学,500,技術・工学総記,379,渡辺 健一,2016/4/11,2016/6/29,26,259,180,45,1851,1,,ミネルヴァ書房
ぼくらの樹 5巻,913,日本文学・小説,246,橋本 由美,2016/1/9,2016/2/2,3,149,104,16,253,2,5,新潮社
図書_3048,410,数学,258,工藤 香織,2015/12/9,2016/4/14,14,237,149,30,922,1,,ハヤカワ書房
図書_3807,450,地球科学,589,三浦 一朗,2011/7/8,2011/7/8,16,256,174,77,2945,1,,朝倉書店
光の向こうに,929,中国文学・小説,375,小川 光,1971/2/7,1972/5/3,8,147,104,29,396,1,,文藝春秋
あの弥生の窓,914,日本文学・随筆,232,遠藤 正樹,2004/10/26,2005/10/11,7,151,105,20,274,1,,丸善
福岡の残暑,913,日本文学・小説,330,西田 香織,2019/5/14,2020/7/28,7,228,157,41,1377,1,,文藝春秋
図書_4198,548,情報工学,382,長谷川 雄一,2006/4/10,2006/10/31,6,259,173,38,1584,1,,日本評論社
Charlotte's heart,933,英米文学・小説,305,Laura Davis,2006/9/21,2007/6/8,12,232,159,31,1079,1,,早川書房
鍵と憎しみ 1巻,914,日本文学・随筆,248,福田 雄一,2010/3/13,2010/7/29,5,197,142,26,720,1,1,偕成社
窓と奇跡,916,日本文学・記録・手記,186,伊藤 隆,1955/12/18,1957/1/9,9,149,104,18,269,1,,小学館
島と西洋哲学,130,西洋哲学,141,中村 和子,1970/7/3,1970/9/11,8,220,154,12,649,1,,幻冬舎
図書_4027,390,国防・軍事,292,阿部 花子,2015/11/7,2015/11/14,7,148,102,17,422,1,,丸善
図書_4415,350,統計学,313,加藤 理恵,2020/11/3,2020/11/8,17,175,130,27,601,1,,翔泳社
アジア史の歩み,220,アジア史,126,青木 葵,2020/1/15,2021/1/28,3,265,188,15,790,1,,有斐閣
武士の月,916,日本文学・記録・手記,229,藤井 凛,2007/1/11,2007/3/3,3,212,165,27,844,1,,祥伝社
甘い教育学,370,教育学,571,井上 凛,1963/10/23,1964/1/28,14,173,126,57,1100,1,,日本評論社
はじめての工学,500,技術・工学総記,335,平野 太郎,2010/4/26,2010/4/27,4,259,178,42,1698,1,,勁草書房
図書_1225,548,情報工学,329,島田 博,1999/9/27,2001/3/22,7,176,102,29,492,1,,東京創元社
Beyond the shadow,953,フランス文学・小説,212,David Chen,1977/2/5,1977/3/17,8,150,104,16,231,1,,日本評論社
雨の伝説 1巻,913,日本文学・小説,271,村上 光,2002/11/21,2003/4/2,10,214,161,24,755,2,1,ポプラ社
長い夢シリーズ 5巻,913,日本文学・小説,296,山本 典子,1998/5/27,1998/9/5,4,150,102,23,381,1,5,PHP研究所
江戸の歴史,200,歴史総記,513,長谷川 史郎,1990/5/9,1991/3/3,6,170,101,44,652,1,,翔泳社
白い写真,740,写真,305,清水 誠,2018/6/9,2019/11/29,15,169,100,28,469,1,,祥伝社
強い窓,913,日本文学・小説,277,長谷川 誠,2020/8/22,2021/1/30,5,180,134,20,499,1,,祥伝社
図書_2601,530,機械工学,345,松本 京子,2007/4/14,2007/12/15,8,261,176,40,1651,1,,光文社
悲しい記憶,913,日本文学・小説,230,岡田 敦,1980/10/25,1981/9/22,8,187,128,21,487,1,,有斐閣
旅人の霧,910,日本文学総記,297,加藤 恵子,2006/6/7,2006/7/29,11,172,127,24,530,1,,岩波書店
図書_2852,510,土木工学,718,菊地 裕子,1987/1/22,1987/2/27,10,166,99,73,1012,1,,早川書房
ぼくらの太陽 9巻,913,日本文学・小説,224,藤原 典子,2005/9/8,2005/10/16,7,217,152,24,784,2,9,吉川弘文館
新しい絵画・美術,720,絵画,330,今井 慎吾,2018/10/20,2019/1/28,3,149,103,27,390,1,,岩波書店
中世の歴史,240,アフリカ史,107,阿部 湊,2011/6/5,2011/6/23,7,224,152,11,376,1,,福音館書店
料理人と昭和,220,アジア史,332,岩田 由美,1995/10/10,1996/3/25,8,255,183,43,2140,1,,朝倉書店
手紙と勇気 1巻,913,日本文学・小説,315,吉田 凛,2021/1/9,2021/6/6,4,146,107,26,369,2,1,集英社
暗いスポーツ科学,780,スポーツ,232,原田 美咲,2023/5/26,2023/6/23,9,181,138,19,446,1,,新潮社
職人と古代,210,日本史,510,長谷川 史郎,1982/3/19,1982/9/1,5,217,152,55,1729,1,,翔泳社
図書_2276,420,物理学,393,三浦 一朗,1999/6/15,1999/9/21,3,264,179,39,1634,1,,朝倉書店
図書_3867,340,財政学,335,村上 由美,2013/3/22,2014/2/20,8,219,158,39,1241,1,,光文社
物理学ハンドブック,420,物理学,425,福田 裕子,2014/3/20,2014/9/10,11,176,101,38,672,1,,祥伝社
あの神無月の太陽,913,日本文学・小説,432,三浦 直子,1990/12/14,1991/5/13,7,149,107,41,595,1,,ポプラ社
苦い雨シリーズ 7巻,913,日本文学・小説,341,長谷川 光,2005/9/4,2006/2/1,3,150,102,25,367,1,7,オーム社
強い倫理学,150,倫理学,253,高橋 和子,2017/6/17,2018/4/29,9,254,182,28,1277,1,,双葉社
魔法の島 1巻,913,日本文学・小説,393,近藤 太郎,2017/4/3,2017/8/25,23,149,107,33,521,2,1,講談社
画家の山,914,日本文学・随筆,285,前田 正樹,1966/6/21,1966/10/5,8,187,130,28,598,1,,オーム社
図書_4466,460,生物科学,577,三浦 莉子,1966/2/17,1967/4/20,14,256,178,72,2869,1,,文藝春秋
図書_2904,410,数学,156,加藤 慎吾,2014/9/12,2014/12/17,6,259,178,17,746,1,,朝倉書店
図書_2387,10,図書館学,189,近藤 直子,1981/2/10,1981/3/7,42,171,107,19,349,1,,ポプラ社
あの春の石,914,日本文学・随筆,402,池田 大輔,1992/9/15,1995/3/22,11,146,105,28,417,1,,福音館書店
旅人と花,913,日本文学・小説,296,藤原 莉子,1979/2/15,1980/5/28,9,180,121,21,460,1,,吉川弘文館
図書_4761,490,医学,255,林 一朗,2018/1/7,2019/3/3,3,255,187,31,1257,1,,新潮社
詩人と中世,290,地理・地誌,262,中村 凛,2022/9/3,2022/10/2,12,177,105,24,465,1,,集英社
旅人と戦国,230,ヨーロッパ史,284,島田 典子,2016/10/25,2016/12/19,25,260,186,33,1419,1,,オーム社
Amelia's fire,933,英米文学・小説,400,Linda Jackson,1975/12/12,1976/1/2,15,178,133,36,798,1,,光文社
図書_1675,420,物理学,409,遠藤 蓮,1999/9/2,1999/12/7,25,260,180,44,1857,1,,岩波書店
図書_4942,410,数学,483,池田 文子,2021/3/21,2021/11/29,4,250,182,53,2227,1,,ミネルヴァ書房
静かな丘シリーズ 5巻,913,日本文学・小説,315,杉山 理恵,2019/4/3,2019/6/4,11,210,140,37,998,1,5,光文社
医者と平安,210,日本史,306,高橋 由美,2012/3/26,2013/2/15,11,216,161,34,1156,1,,祥伝社
金沢の少女,913,日本文学・小説,282,斎藤 奈々,2020/7/21,2020/8/30,17,210,136,28,776,1,,講談社
夜の谷,913,日本文学・小説,216,吉田 典子,1969/7/26,1970/2/5,7,150,105,15,231,1,,オーム社
詳解建築学,520,建築学,337,藤井 由美,2015/12/3,2016/4/12,3,172,101,35,526,1,,講談社
輝く西洋哲学,130,西洋哲学,346,岩田 隆,2001/2/26,2002/1/18,9,253,180,42,1744,1,,新潮社
The lost shadow,983,スカンジナビア文学,255,Mark Phillips,2012/12/19,2013/8/25,13,182,130,24,498,1,,光文社
図書_1722,430,化学,390,加藤 奈々,2013/7/14,2014/1/28,14,177,110,41,714,1,,文藝春秋
短い教育学,370,教育学,280,三浦 京子,1980/9/25,1981/11/30,6,169,106,29,493,1,,有斐閣
苦い雨シリーズ 6巻,913,日本文学・小説,342,長谷川 光,2004/6/28,2004/8/16,3,224,155,33,1068,1,6,オーム社
花を探して,930,英米文学総記,309,Karen Young,2016/3/25,2016/5/1,12,185,115,23,528,1,,中央公論新社
科学のしくみ,560,金属工学,265,西村 颯,2020/4/25,2020/5/9,11,255,172,27,1323,1,,福音館書店
苦いスポーツ科学,780,スポーツ,283,林 典子,2011/4/28,2013/4/30,13,218,154,27,832,1,,翔泳社
丘と秘密 2巻,913,日本文学・小説,313,斎藤 香織,2011/5/8,2011/6/5,5,216,156,36,1104,2,2,PHP研究所
丘と奇跡 1巻,914,日本文学・随筆,330,遠藤 莉子,1999/12/17,2000/1/14,7,149,104,31,408,1,1,丸善
night of Athens,933,英米文学・小説,401,Richard Martin,1951/7/10,1951/7/30,12,149,109,31,468,1,,光文社
地球科学実習,450,地球科学,320,高橋 正樹,2011/5/5,2011/9/6,5,249,177,43,1778,1,,ミネルヴァ書房
火と社会学,360,社会学,327,清水 博,1972/9/15,1973/5/1,5,180,129,32,777,1,,岩波書店
画家と古代,210,日本史,267,林 颯,2003/10/23,2004/6/5,3,166,108,25,406,1,,小学館
図書_3458,440,天文学,426,山口 正樹,1981/5/12,1981/6/29,7,261,178,49,1999,1,,丸善
図書_4890,340,財政学,218,渡辺 和子,2007/11/18,2008/3/20,4,187,125,20,455,1,,ハヤカワ書房
老人と雨,914,日本文学・随筆,247,石川 典子,2016/1/17,2016/6/19,21,208,153,25,737,1,,集英社
あの睦月の夢,913,日本文学・小説,269,山田 理恵,1972/4/23,1973/7/7,3,176,124,21,432,1,,双葉社
姫と記憶,913,日本文学・小説,411,吉田 莉子,2017/3/16,2017/6/12,9,146,104,39,510,1,,文藝春秋
図書_2251,550,海洋工学,331,山田 誠,2023/8/25,2023/11/2,21,174,105,34,557,1,,角川書店
新しい英語学,830,英語,270,岡田 慎吾,1988/1/8,1988/12/24,4,216,158,30,1117,1,,勁草書房
road of Lisbon,953,フランス文学・小説,356,Laura Davis,2022/3/8,2023/6/10,8,148,103,27,390,1,,早川書房
美しいスポーツ科学,780,スポーツ,341,阿部 光,2008/6/27,2008/9/13,14,177,134,29,637,1,,福音館書店
現代政治学,310,政治学,324,島田 湊,2016/10/9,2017/1/13,11,220,135,36,1040,1,,吉川弘文館
将軍と明治,250,北アメリカ史,270,菊地 理恵,1976/1/16,1976/4/19,3,260,181,36,1549,1,,角川書店
探偵と平安,210,日本史,153,井上 陽,2021/7/21,2021/8/30,5,210,142,18,540,1,,中央公論新社
少年の窓,914,日本文学・随筆,276,今井 颯,2017/8/7,2017/9/23,7,177,130,22,643,1,,翔泳社
図書_3009,450,地球科学,443,佐藤 香織,2016/4/5,2016/4/9,7,265,174,55,2302,1,,丸善
函館の医者,913,日本文学・小説,300,村上 陽,2007/6/15,2008/1/10,7,221,152,33,1046,1,,日本評論社
博士の谷,914,日本文学・随筆,324,菊地 凛,2010/7/14,2011/7/1,15,154,104,25,381,1,,祥伝社
音楽家と霧,916,日本文学・記録・手記,341,工藤 裕子,2018/8/21,2019/4/4,11,225,155,33,1197,1,,講談社
泉の伝説 7巻,913,日本文学・小説,325,遠藤 正樹,1999/8/5,2000/1/20,3,152,105,22,365,1,7,丸善
図書_4695,160,宗教総記,194,山口 太郎,1956/5/17,1956/8/26,30,206,157,21,898,1,,光文社
魔法の森 1巻,913,日本文学・小説,227,長谷川 誠,2004/4/3,2004/8/17,7,155,108,23,356,2,1,角川書店
あの霜月の時間,913,日本文学・小説,209,平野 次郎,2017/5/15,2017/7/19,11,151,107,15,236,1,,岩波書店
工学入門,500,技術・工学総記,393,西田 三郎,2018/2/17,2018/4/2,9,258,187,43,1788,1,,有斐閣
皇帝と大正,280,伝記,433,中村 健一,1957/3/18,1958/4/2,8,171,104,40,684,1,,岩波書店
図書_3037,548,情報工学,378,村上 光,2011/8/22,2013/5/28,9,219,158,40,1192,1,,新潮社
記憶と西洋哲学,130,西洋哲学,293,池田 京子,1998/1/4,1998/11/17,7,177,105,30,487,1,,早川書房
図書_3602,730,版画,127,山本 奈々,2022/3/8,2022/9/20,5,168,101,15,250,1,,ハヤカワ書房
輝く泉シリーズ 4巻,933,英米文学・小説,299,Dorothy Carter,1997/6/27,1997/8/6,5,235,155,33,1120,1,4,講談社
島と音楽,760,音楽,251,島田 咲,2016/1/21,2016/6/9,5,184,125,19,392,1,,有斐閣
図書_3193,440,天文学,280,佐藤 拓哉,2012/2/3,2012/6/3,10,227,159,27,967,1,,翔泳社
火の伝説 1巻,913,日本文学・小説,387,杉山 拓哉,2006/1/17,2006/2/19,8,215,159,40,1245,1,1,早川書房
島と知識,770,演劇,396,伊藤 由美,1983/2/19,1983/9/2,3,191,130,36,828,1,,翔泳社
北海道を旅する,290,地理・地誌,304,大野 純,1987/12/2,1988/4/7,8,258,182,38,1615,1,,PHP研究所
深いスポーツ科学,780,スポーツ,358,菅原 陽,2019/10/27,2021/5/1,6,174,126,33,665,1,,吉川弘文館
図書_3844,450,地球科学,350,長谷川 花子,2005/4/13,2005/7/29,12,257,187,41,1777,1,,日本評論社
美しい日本語学,810,日本語,297,清水 拓哉,2014/8/5,2015/1/26,6,214,154,36,1136,1,,偕成社
優しい仏教学,180,仏教,287,原田 正樹,2011/6/19,2011/9/14,8,170,105,31,496,1,,中央公論新社
革命家と中世,200,歴史総記,267,島田 陽,1982/8/2,1982/11/18,6,223,152,29,916,1,,吉川弘文館
図書_3988,340,財政学,235,藤原 典子,2021/2/27,2021/4/29,11,232,169,27,1063,1,,吉川弘文館
Liam's song,983,スカンジナビア文学,286,Donald Turner,2014/10/9,2014/11/21,8,182,133,24,613,1,,岩波書店
青い政治学,310,政治学,245,井上 由美,1982/2/25,1982/3/28,20,170,100,24,376,1,,文藝春秋
強い道,913,日本文学・小説,337,菊地 陽,2015/2/28,2015/7/5,8,185,123,30,635,1,,ハヤカワ書房
丘のかけら,914,日本文学・随筆,289,藤原 拓哉,2005/10/9,2005/12/17,7,152,109,26,475,1,,勁草書房
森と教育学,370,教育学,267,村上 慎吾,2018/1/2,2018/1/21,7,180,124,22,438,1,,ポプラ社
樹王国 6巻,933,英米文学・小説,475,William Anderson,1996/3/19,1996/6/9,5,221,148,59,1843,1,6,岩波書店
道の伝説 3巻,913,日本文学・小説,299,島田 太郎,2013/5/29,2013/9/17,10,190,119,25,520,3,3,技術評論社
shadow of Rome,933,英米文学・小説,248,Nancy Wright,1964/1/16,1964/10/13,13,176,128,20,429,1,,日本評論社
図書_3669,490,医学,584,松本 和子,2015/8/26,2017/8/5,16,181,107,63,1035,1,,勁草書房
太陽と経済学,330,経済学,199,福田 恵子,2022/9/27,2023/1/23,9,229,147,20,665,1,,弘文堂
図書_4673,480,動物学,431,長谷川 颯,1975/11/10,1975/11/12,9,256,185,47,1973,1,,オーム社
よくわかる医学,490,医学,244,佐藤 陽,1962/4/4,1962/7/22,4,256,182,31,1386,1,,勁草書房
heart of London,953,フランス文学・小説,352,Christopher King,2022/10/22,2023/7/1,10,151,106,31,438,1,,丸善
嵐と希望,916,日本文学・記録・手記,496,佐藤 京子,2007/5/3,2007/5/5,7,150,105,35,532,1,,弘文堂
動物学の謎を解く,480,動物学,250,小川 和子,1951/5/8,1951/8/1,3,222,168,29,945,1,,技術評論社
キリスト教学を学ぶ,190,キリスト教,346,大野 博,2014/4/7,2014/12/28,8,218,169,45,1537,1,,ミネルヴァ書房
谷と友情 1巻,914,日本文学・随筆,409,木村 隆,2009/6/8,2009/9/21,6,238,158,49,1583,1,1,技術評論社
雨の伝説 2巻,913,日本文学・小説,392,村上 光,2004/9/14,2005/2/19,8,216,152,48,1452,1,2,ポプラ社
図書_1961,420,物理学,303,林 翔,2011/6/9,2012/5/11,10,222,153,35,1059,1,,偕成社
The broken city,933,英米文学・小説,378,Daniel Scott,2013/5/28,2013/6/25,10,175,129,34,726,1,,翔泳社
森と未来 2巻,914,日本文学・随筆,285,工藤 由美,2016/7/22,2016/11/13,10,229,167,34,1215,2,2,PHP研究所
老人の山,913,日本文学・小説,330,菅原 恵子,1976/2/26,1976/5/7,4,150,107,22,335,1,,翔泳社
図書_4321,548,情報工学,349,鈴木 理恵,2022/4/11,2022/5/29,3,223,147,37,1060,1,,中央公論新社
Ava's forest,973,ドイツ文学・小説,298,Daniel Scott,1984/2/20,1985/7/1,3,197,152,37,968,1,,ハヤカワ書房
図書_4577,280,伝記,286,池田 大輔,1988/8/19,1989/3/28,14,259,186,36,1560,1,,吉川弘文館
図書_3422,420,物理学,221,斎藤 凛,1952/6/22,1953/2/14,3,213,142,23,711,1,,PHP研究所
新版化学,430,化学,680,杉山 三郎,2013/10/2,2013/10/17,7,173,105,63,1003,1,,翔泳社
図書_1829,790,諸芸・娯楽,166,西田 浩二,1977/7/1,1977/9/26,7,187,132,16,427,1,,朝倉書店
図書_3421,420,物理学,329,福田 正樹,1992/5/11,1992/8/22,4,236,146,36,1114,1,,小学館
彼女の月,916,日本文学・記録・手記,381,小林 太郎,1983/3/8,1983/4/15,9,148,107,30,440,1,,祥伝社
図書_4411,490,医学,333,菊地 翔,2021/12/15,2022/8/28,12,173,102,29,461,1,,小学館
時間と日本語学,810,日本語,361,平野 奈々,2020/8/25,2021/1/12,4,178,131,34,782,1,,東京創元社
細い東洋思想,120,東洋思想,200,吉田 颯,2012/9/23,2013/3/14,12,254,187,27,1116,1,,東京創元社
図書_3576,850,フランス語,264,鈴木 史郎,2023/5/20,2023/11/19,22,171,101,25,461,1,,東京創元社
言葉と奇跡 3巻,913,日本文学・小説,453,福田 由美,2020/2/23,2020/6/28,11,152,107,29,425,1,3,翔泳社
火と怒り 2巻,913,日本文学・小説,352,吉田 純,2009/7/12,2009/9/15,5,213,151,44,1291,1,2,翔泳社
ぼくらの鍵 3巻,913,日本文学・小説,405,近藤 咲,2013/1/27,2013/5/22,9,186,123,37,742,2,3,中央公論新社
詩人の雪,916,日本文学・記録・手記,230,山本 莉子,2009/3/2,2009/4/16,13,227,165,27,910,1,,勁草書房
彼女の火,913,日本文学・小説,208,西村 颯,2020/2/14,2020/2/29,23,176,120,23,438,1,,福音館書店
少年と島,913,日本文学・小説,241,小林 花子,1998/8/14,1999/2/17,5,149,101,20,271,1,,東京創元社
city of Athens,973,ドイツ文学・小説,207,Joseph Allen,2016/6/19,2016/8/19,11,156,106,15,248,1,,吉川弘文館
輝く泉シリーズ 1巻,933,英米文学・小説,324,Dorothy Carter,1990/5/26,1990/10/30,9,214,165,36,1191,1,1,講談社
風と喜び 3巻,914,日本文学・随筆,266,青木 隆,2011/12/9,2011/12/29,4,188,125,22,484,1,3,中央公論新社
あの霜月の扉,913,日本文学・小説,392,青木 史郎,2002/8/15,2003/8/27,15,216,166,50,1563,1,,ミネルヴァ書房
ぼくらの石 5巻,914,日本文学・随筆,389,井上 一朗,2013/6/29,2013/7/30,10,184,141,30,687,1,5,祥伝社
女王と現代,220,アジア史,356,藤原 次郎,2008/1/5,2008/8/13,3,176,102,32,510,1,,祥伝社
強い知識,850,フランス語,384,三浦 敦,1951/6/5,1952/10/16,3,146,106,28,366,1,,吉川弘文館
泉の伝説 10巻,913,日本文学・小説,512,遠藤 正樹,2004/6/20,2004/9/24,3,187,126,44,913,1,10,丸善
長い夢シリーズ 9巻,913,日本文学・小説,219,山本 典子,2007/10/27,2008/4/22,3,215,157,20,698,3,9,PHP研究所
倫理学入門,150,倫理学,380,西田 由美,2006/12/2,2007/2/2,7,227,139,37,1173,1,,岩波書店
強い太陽シリーズ 8巻,913,日本文学・小説,283,三浦 純,2005/1/11,2005/1/31,3,173,125,25,542,2,8,丸善
美しい花譚,914,日本文学・随筆,248,岩田 和子,2011/2/10,2011/10/5,8,231,148,30,935,1,,光文社
あの残暑の山,914,日本文学・随筆,277,柴田 慎吾,2019/3/25,2020/1/28,12,238,152,29,970,1,,福音館書店
強い東洋思想,120,東洋思想,415,田中 陽,1987/11/13,1988/10/11,14,209,165,42,1464,1,,東京創元社
図書_4798,520,建築学,299,田中 隆,1995/4/26,1995/10/24,9,200,164,31,938,1,,ポプラ社
博士の魂,930,英米文学総記,371,James Wilson,2021/5/27,2021/8/28,10,151,102,26,406,1,,集英社
図書_1544,548,情報工学,263,西田 典子,1978/1/11,1978/3/3,10,226,155,26,864,1,,偕成社
ぼくの時間,916,日本文学・記録・手記,294,島田 正樹,2001/5/19,2001/7/18,9,219,169,28,1022,1,,中央公論新社
風と友情 2巻,933,英米文学・小説,334,Robert Taylor,2015/3/24,2015/7/16,5,152,102,27,406,2,2,早川書房
輝く川,910,日本文学総記,386,林 葵,1967/9/21,1968/3/10,15,185,134,33,722,1,,小学館
奈良の職人,914,日本文学・随筆,312,工藤 美咲,2019/10/26,2021/4/7,13,181,125,23,552,1,,日本評論社
風のかけら,916,日本文学・記録・手記,169,林 典子,2022/6/10,2023/2/4,8,222,148,17,555,1,,翔泳社
The silent light,953,フランス文学・小説,317,Betty Adams,1991/1/4,1991/7/22,5,232,148,28,956,1,,角川書店
老人と扉,913,日本文学・小説,216,加藤 葵,1953/10/21,1954/1/7,4,148,108,17,257,1,,新潮社
長崎の探偵,913,日本文学・小説,231,橋本 慎吾,2021/1/6,2021/3/27,8,218,153,25,767,1,,文藝春秋
図書_3033,410,数学,374,加藤 一朗,2001/7/10,2001/11/11,8,224,163,38,1203,1,,中央公論新社
夢と運命,913,日本文学・小説,316,清水 奈々,2002/7/3,2002/12/23,5,238,152,29,1027,1,,双葉社
A dark heart,933,英米文学・小説,227,James Wilson,2019/11/6,2020/7/27,12,149,106,16,222,1,,ハヤカワ書房
長い扉譚,914,日本文学・随筆,362,福田 慎吾,2016/7/28,2016/11/6,17,151,110,31,468,1,,集英社
細い影譚,913,日本文学・小説,234,林 花子,2003/8/23,2003/12/25,13,148,102,17,233,1,,技術評論社
医者の月,930,英米文学総記,276,Charles Walker,2023/10/16,2024/8/7,6,182,125,21,432,1,,ポプラ社
大きな泉譚,913,日本文学・小説,325,柴田 直子,2015/8/19,2016/12/31,6,216,155,35,1035,1,,有斐閣
図書_4594,410,数学,244,石川 陽,2011/12/19,2013/3/25,10,168,107,24,381,1,,ハヤカワ書房
図書_4431,570,化学工業,342,村上 咲,2022/4/1,2022/4/7,9,259,178,33,1490,1,,新潮社
あの木枯らしの雪,910,日本文学総記,305,池田 莉子,2011/1/16,2011/3/3,13,209,162,36,1075,1,,祥伝社
現代情報学,0,総記,363,大野 葵,2016/4/17,2016/6/26,10,230,163,30,1049,1,,角川書店
道と法律学,320,法律,98,原田 太郎,2009/11/3,2009/11/21,7,151,105,7,126,1,,偕成社
図書_4728,410,数学,341,池田 雄一,2001/2/5,2001/4/4,5,168,105,36,557,1,,PHP研究所
The forgotten star,933,英米文学・小説,358,Karen Young,2017/2/9,2017/8/10,13,181,128,27,612,1,,中央公論新社
図書_2311,340,財政学,269,鈴木 太郎,2009/2/7,2009/2/16,12,186,123,18,367,1,,岩波書店
魔法の声 10巻,913,日本文学・小説,269,島田 純,2008/8/5,2008/10/25,3,144,109,24,342,1,10,有斐閣
雨の伝説 5巻,913,日本文学・小説,339,村上 光,2008/10/2,2008/12/21,5,150,103,26,434,1,5,ポプラ社
図書_4712,40,一般論文集,327,山本 太郎,1996/10/17,1997/6/14,6,224,156,34,1090,1,,早川書房
霧と社会学,360,社会学,344,斎藤 大輔,2021/7/20,2021/10/15,32,230,153,34,1126,1,,講談社
現代工学,500,技術・工学総記,237,平野 史郎,1986/12/5,1987/4/18,6,211,145,25,993,1,,勁草書房
ぼくらの波 3巻,914,日本文学・随筆,318,青木 京子,2005/12/30,2006/5/5,7,227,163,34,1124,3,3,技術評論社
魔法の海 4巻,913,日本文学・小説,316,木村 恵子,2020/12/18,2021/1/30,3,248,152,34,1162,1,4,早川書房
職人と明治,290,地理・地誌,394,工藤 莉子,1955/12/28,1956/5/3,8,248,179,37,1486,1,,幻冬舎
現代地球科学,450,地球科学,242,阿部 三郎,2001/2/19,2001/8/26,19,255,182,28,1233,1,,角川書店
写真家と島,913,日本文学・小説,329,岡田 美咲,2006/8/16,2006/11/29,8,149,99,21,321,1,,早川書房
武士と大正,210,日本史,227,井上 典子,2022/7/24,2022/11/28,38,173,107,21,367,1,,祥伝社
丘王国 4巻,913,日本文学・小説,390,山口 雄一,2004/11/16,2005/4/1,9,182,128,32,720,1,4,勁草書房
ぼくの言葉,913,日本文学・小説,315,大野 誠,2002/7/22,2002/12/28,3,148,100,25,340,1,,弘文堂
深い記憶シリーズ 4巻,914,日本文学・随筆,392,西村 花子,2012/9/10,2012/10/27,3,184,128,38,787,1,4,祥伝社
図書_3386,440,天文学,372,石川 正樹,2016/5/4,2017/3/5,17,255,181,44,1798,1,,有斐閣
A lost light,953,フランス文学・小説,286,Charles Walker,2006/2/19,2006/8/17,7,151,100,23,371,1,,ポプラ社
波と法律学,320,法律,324,遠藤 雄一,2020/9/2,2021/3/21,14,193,136,27,649,1,,小学館
図書_3993,510,土木工学,364,木村 純,2017/6/20,2017/10/17,13,246,182,44,1733,1,,オーム社
京都の霜月,913,日本文学・小説,438,三浦 典子,2012/1/13,2012/7/26,5,183,130,39,845,1,,有斐閣
家政学入門,590,家政学,434,阿部 理恵,1981/4/12,1982/3/19,10,254,181,52,2062,1,,福音館書店
美しい扉シリーズ 1巻,913,日本文学・小説,329,平野 拓哉,2013/1/3,2013/5/5,10,203,156,34,990,3,1,PHP研究所
図書_2801,450,地球科学,249,林 翔,1987/10/11,1987/11/24,12,262,182,28,1270,1,,偕成社
図書_2773,548,情報工学,259,村上 誠,1958/4/19,1958/9/1,5,214,152,27,792,1,,東京創元社
あの夜の草原,913,日本文学・小説,354,藤井 三郎,1988/7/20,1988/9/21,15,181,130,33,704,1,,福音館書店
魔法の火 7巻,913,日本文学・小説,368,柴田 典子,1997/6/7,1997/7/27,3,145,107,31,428,3,7,勁草書房
光と政治学,310,政治学,216,吉田 光,1997/8/21,1997/9/27,8,218,170,21,735,1,,小学館
絵画・美術と社会,720,絵画,394,工藤 裕子,2023/11/23,2023/12/11,10,226,143,46,1461,1,,講談社
丘王国 8巻,913,日本文学・小説,260,山口 雄一,2012/9/26,2012/11/9,6,215,182,24,1057,2,8,勁草書房
草原と知識,790,諸芸・娯楽,281,土屋 正樹,2021/6/23,2021/6/25,7,203,156,29,981,1,,新潮社
月と西洋哲学,130,西洋哲学,380,西村 博,1997/4/14,1997/12/24,11,254,185,54,2245,1,,偕成社
強い政治学,310,政治学,277,阿部 慎吾,1995/11/22,1996/4/5,4,215,141,31,912,1,,ミネルヴァ書房
図書_2593,548,情報工学,283,鈴木 雄一,2022/7/20,2022/8/13,9,264,182,30,1296,1,,偕成社
冷たい心理学,140,心理学,374,三浦 湊,1998/6/18,1999/10/28,5,258,178,42,1757,1,,日本評論社
音楽家と砂,913,日本文学・小説,376,平野 和子,1984/2/25,1984/4/12,16,144,103,35,443,1,,中央公論新社
甘い法律学,320,法律,439,杉山 由美,2020/12/5,2021/10/23,26,151,107,36,590,1,,集英社
夜の太陽,913,日本文学・小説,327,池田 咲,2019/12/14,2020/2/28,41,211,155,35,1065,1,,吉川弘文館
ぼくらの手紙 9巻,913,日本文学・小説,349,今井 京子,2011/10/7,2011/11/21,3,148,100,23,299,1,9,技術評論社
図書_2517,480,動物学,243,三浦 京子,2023/9/28,2024/12/31,7,223,158,30,897,1,,福音館書店
金沢の魔女,910,日本文学総記,391,工藤 正樹,1952/3/6,1952/5/7,15,149,105,41,613,1,,角川書店
輝く花譚,913,日本文学・小説,289,石川 莉子,1972/11/27,1972/12/6,3,152,104,23,343,1,,幻冬舎
山王国 4巻,913,日本文学・小説,274,岩田 由美,2016/3/12,2016/8/1,6,177,127,26,549,1,4,朝倉書店
William's song,983,スカンジナビア文学,282,Thomas Moore,2006/12/22,2007/3/13,11,181,126,23,495,1,,弘文堂
化学工業のしくみ,570,化学工業,273,山田 雄一,1993/10/24,1993/10/26,6,258,179,29,1177,1,,集英社
重い心譚,913,日本文学・小説,460,大野 裕子,2012/2/25,2012/6/3,25,149,103,34,480,1,,日本評論社
細い社会学,360,社会学,386,土屋 純,2017/2/22,2017/6/29,3,177,132,27,567,1,,東京創元社
詳解医学,490,医学,329,鈴木 敦,1974/2/19,1974/4/10,3,165,101,33,480,1,,光文社
川と教育学,370,教育学,169,杉山 典子,2021/10/22,2022/10/1,12,148,105,13,169,1,,技術評論社
図書_2518,430,化学,318,石川 一朗,2015/2/20,2015/12/1,21,177,103,29,626,1,,祥伝社
図書_3801,490,医学,412,西田 翔,1979/3/20,1979/7/13,8,242,153,45,1463,1,,日本評論社
ぼくの波,913,日本文学・小説,382,藤井 美咲,1976/3/2,1976/4/21,11,154,104,34,490,1,,弘文堂
樹王国 5巻,933,英米文学・小説,331,William Anderson,1993/5/17,1993/9/3,3,220,151,35,1038,2,5,岩波書店
ぼくらの雪 2巻,913,日本文学・小説,277,大野 京子,2007/2/25,2007/4/3,26,144,103,25,330,2,2,技術評論社
花と東洋思想,120,東洋思想,286,工藤 光,2013/11/17,2014/1/18,6,167,101,24,403,1,,文藝春秋
島と心理学,140,心理学,339,西村 葵,2017/2/12,2017/10/13,5,160,108,31,503,1,,PHP研究所
魂の向こうに,913,日本文学・小説,404,西田 大輔,2002/10/6,2003/10/28,12,174,133,33,672,1,,祥伝社
樹王国 4巻,933,英米文学・小説,263,William Anderson,1991/6/14,1991/10/5,8,152,108,21,328,1,4,岩波書店
land of Lisbon,953,フランス文学・小説,330,Nancy Wright,2023/4/7,2023/6/11,19,181,128,26,572,1,,日本評論社
大きな太陽シリーズ 2巻,913,日本文学・小説,297,渡辺 雄一,2011/1/13,2011/2/19,6,151,108,24,357,1,2,講談社
作家と昭和,210,日本史,372,林 拓哉,1993/3/10,1994/1/11,5,217,168,46,1496,1,,ハヤカワ書房
音楽家の夢,916,日本文学・記録・手記,342,田中 誠,2012/11/3,2012/12/9,8,179,131,25,548,1,,翔泳社
強い海譚,910,日本文学総記,253,阿部 隆,1955/5/16,1956/5/25,15,150,103,23,393,1,,勁草書房
風王国 4巻,913,日本文学・小説,329,石川 敦,2017/1/7,2017/2/17,7,215,157,34,1127,1,4,双葉社
図書_4549,430,化学,326,土屋 恵子,2023/2/2,2023/6/9,16,242,167,29,1104,1,,福音館書店
ぼくらの花 3巻,933,英米文学・小説,318,Laura Davis,2019/3/2,2019/4/16,10,181,129,28,612,3,3,偕成社
声の向こうに,916,日本文学・記録・手記,316,井上 奈々,2020/6/3,2021/1/11,3,210,148,35,995,1,,偕成社
Ava's fire,933,英米文学・小説,396,Sarah Mitchell,2018/6/23,2018/7/11,8,241,172,43,1713,1,,小学館
night of Vienna,953,フランス文学・小説,284,Daniel Scott,2023/7/10,2024/1/11,17,145,101,20,358,1,,ハヤカワ書房
図書_4629,410,数学,287,高橋 雄一,2014/1/13,2015/6/27,3,179,107,32,531,1,,東京創元社
熊本の夜,913,日本文学・小説,161,清水 蓮,1973/11/5,1973/11/19,3,149,102,13,219,1,,勁草書房
北海道の梅雨,913,日本文学・小説,345,小川 京子,1984/5/19,1984/6/9,10,150,107,28,390,1,,光文社
現代東洋思想,120,東洋思想,161,青木 葵,1988/7/9,1989/1/1,3,254,186,20,983,1,,有斐閣
手紙王国 2巻,933,英米文学・小説,354,Emma Thompson,2016/12/16,2017/4/11,8,154,106,27,459,2,2,講談社
図書_1943,420,物理学,327,鈴木 凛,2020/6/6,2020/12/28,5,254,181,35,1419,1,,勁草書房
詩人と平安,210,日本史,340,渡辺 典子,2015/4/25,2015/11/18,8,201,155,33,1024,1,,勁草書房
孤独な英語学,830,英語,359,中村 莉子,2016/10/7,2018/9/1,13,147,105,25,414,1,,小学館
あの夏の島,913,日本文学・小説,484,坂本 蓮,2004/11/25,2005/3/15,5,155,101,45,654,1,,福音館書店
魔法の太陽 3巻,913,日本文学・小説,290,清水 健一,2012/4/24,2012/6/10,4,218,171,29,973,1,3,日本評論社
沖縄の朝,913,日本文学・小説,338,鈴木 雄一,1970/2/19,1970/8/15,10,147,107,31,444,1,,オーム社
星の伝説 3巻,914,日本文学・随筆,303,平野 奈々,2004/4/3,2004/9/4,3,180,134,24,564,1,3,東京創元社
丘王国 2巻,913,日本文学・小説,239,山口 雄一,2000/11/2,2000/11/25,19,148,113,21,325,2,2,勁草書房
Beyond the fire,933,英米文学・小説,309,Michael Brown,2007/4/13,2007/7/9,15,214,164,34,1093,1,,東京創元社
音楽家と古代,270,オセアニア史,428,杉山 健一,2020/4/5,2020/6/29,11,211,167,47,1507,1,,オーム社
図書_4861,380,民俗学,219,原田 光,2001/11/4,2002/8/29,12,150,106,15,241,1,,朝倉書店
あの睦月の海,913,日本文学・小説,146,吉田 雄一,2015/8/7,2016/4/16,3,234,148,16,585,1,,角川書店
輝く泉シリーズ 9巻,933,英米文学・小説,291,Dorothy Carter,2007/12/7,2008/5/17,3,185,135,22,590,2,9,講談社
storm of Rome,933,英米文学・小説,311,Emma Thompson,2015/9/19,2015/11/9,9,210,163,34,1105,1,,ポプラ社
図書_3687,340,財政学,132,小川 美咲,1954/2/13,1954/12/7,3,148,102,8,108,1,,日本評論社
図書_3372,490,医学,180,藤原 京子,2005/10/14,2005/12/2,6,219,154,16,500,1,,福音館書店
北海道の魔女,916,日本文学・記録・手記,292,原田 三郎,1952/12/9,1953/1/9,9,223,148,29,919,1,,角川書店
仙台の少女,913,日本文学・小説,233,田中 雄一,2011/12/28,2013/6/25,4,185,128,23,525,1,,有斐閣
魔法の嵐 6巻,913,日本文学・小説,204,藤井 正樹,2016/10/1,2016/10/22,3,182,129,18,422,1,6,翔泳社
長い英語学,830,英語,289,藤井 隆,2005/5/19,2005/8/19,17,170,127,31,605,1,,中央公論新社
音楽家と橋,913,日本文学・小説,320,鈴木 三郎,1978/2/17,1978/3/21,31,227,143,37,1114,1,,オーム社
旅人の橋,913,日本文学・小説,218,三浦 颯,2001/4/6,2001/4/11,5,180,130,22,527,1,,小学館
図書_1654,350,統計学,242,島田 莉子,1988/10/22,1988/11/21,3,176,124,24,492,1,,翔泳社
嵐と西洋哲学,130,西洋哲学,323,小川 文子,2023/3/8,2023/9/25,5,176,101,33,575,1,,幻冬舎
札幌を旅する,210,日本史,230,加藤 美咲,2016/7/11,2017/7/23,10,211,146,23,759,1,,弘文堂
太陽の伝説 5巻,914,日本文学・随筆,311,木村 湊,2009/3/5,2009/9/1,3,227,159,31,1362,1,5,双葉社
白い砂シリーズ 6巻,913,日本文学・小説,305,池田 葵,2010/4/24,2010/5/16,4,178,123,27,535,2,6,オーム社
道と音楽,760,音楽,204,菅原 由美,2013/5/20,2013/6/25,21,181,126,21,423,1,,技術評論社
仙台の少年,916,日本文学・記録・手記,424,前田 三郎,2016/1/26,2017/7/10,21,189,122,39,843,1,,角川書店
西洋哲学のすすめ,130,西洋哲学,257,三浦 裕子,1988/4/18,1988/11/29,9,213,178,27,1329,1,,福音館書店
夢と謎,914,日本文学・随筆,196,山本 花子,2020/9/11,2020/11/18,16,151,103,14,228,1,,文藝春秋
詩人と嵐,930,英米文学総記,333,Karen Young,2019/4/13,2020/12/1,14,148,106,23,389,1,,角川書店
音楽のすすめ,760,音楽,270,前田 裕子,2015/7/12,2015/11/26,5,214,165,29,1022,1,,角川書店
鍵と英語学,830,英語,300,鈴木 文子,1988/4/14,1988/5/6,13,153,106,23,415,1,,日本評論社
図書_3486,540,電気工学,426,岡田 大輔,2021/12/10,2022/1/25,6,265,190,54,2338,1,,翔泳社
少年と古代,220,アジア史,197,西田 慎吾,2015/9/8,2017/7/17,9,223,153,20,675,1,,ポプラ社
影の伝説 2巻,914,日本文学・随筆,450,柴田 京子,2016/1/25,2016/4/23,14,146,104,35,484,2,2,中央公論新社
魔女の魂,913,日本文学・小説,315,長谷川 光,2011/10/11,2013/1/16,5,152,102,26,380,1,,新潮社
細い心シリーズ 5巻,914,日本文学・随筆,219,佐藤 奈々,2018/1/27,2018/7/14,5,180,126,19,389,2,5,朝倉書店
赤い空,913,日本文学・小説,345,山田 太郎,2008/11/26,2009/3/8,7,147,107,27,386,1,,日本評論社
家政学のしくみ,590,家政学,388,岡田 美咲,2001/2/28,2001/6/12,14,247,195,47,2627,1,,早川書房
魔法の島 2巻,913,日本文学・小説,374,近藤 太郎,2018/7/5,2018/9/28,15,149,108,30,426,1,2,講談社
医者と星,913,日本文学・小説,243,杉山 香織,2017/9/10,2017/12/26,10,232,141,29,883,1,,朝倉書店
図書_4344,110,哲学各論,367,小川 蓮,1986/11/17,1987/5/25,5,254,180,42,1909,1,,中央公論新社
A dark voice,933,英米文学・小説,264,William Anderson,2005/11/11,2007/1/30,9,148,109,21,333,1,,岩波書店
図書_3774,570,化学工業,376,平野 拓哉,2014/12/5,2015/4/28,9,251,185,44,1761,1,,PHP研究所
電気工学演習,540,電気工学,569,田中 健一,2020/5/6,2020/9/8,12,250,180,66,2623,1,,勁草書房
旅人と泉,914,日本文学・随筆,335,坂本 蓮,2012/5/7,2012/10/17,5,224,164,34,1176,1,,福音館書店
画家と平安,290,地理・地誌,329,今井 葵,2021/11/10,2022/2/4,18,248,177,37,1441,1,,角川書店
孤独な草原譚,916,日本文学・記録・手記,354,池田 陽,1991/11/24,1991/12/5,18,222,148,31,934,1,,弘文堂
苦い哲学,100,哲学総記,388,高橋 香織,2017/11/4,2018/4/5,8,248,169,43,1654,1,,講談社
Beyond the dream,933,英米文学・小説,352,Laura Davis,2013/2/7,2013/7/1,12,154,105,26,432,1,,早川書房
ぼくらの霧 5巻,913,日本文学・小説,401,加藤 奈々,2015/2/16,2015/5/27,4,213,152,49,1434,2,5,文藝春秋
旅人の時間,913,日本文学・小説,300,岩田 健一,2020/7/16,2021/8/6,17,233,172,34,1202,1,,勁草書房
魔法の鍵 2巻,914,日本文学・随筆,256,三浦 奈々,2016/10/9,2017/2/19,13,183,128,24,573,1,2,ポプラ社
図書_2155,410,数学,251,長谷川 咲,2021/10/5,2023/1/11,6,256,188,27,1159,1,,祥伝社
侍女の空,914,日本文学・随筆,334,三浦 太郎,1950/1/16,1950/3/5,11,219,165,35,1116,1,,祥伝社
侍女と泉,913,日本文学・小説,271,西村 次郎,1981/10/3,1982/3/25,6,146,102,27,349,1,,有斐閣
図書_3761,160,宗教総記,223,前田 恵子,2010/12/17,2011/7/17,3,239,155,23,847,1,,技術評論社
扉と英語学,830,英語,280,井上 蓮,2022/4/11,2022/4/11,5,229,152,32,1071,1,,光文社
現代のアジア史,220,アジア史,245,土屋 浩二,2005/3/20,2005/5/28,6,205,155,28,837,1,,文藝春秋
丘と奇跡 5巻,914,日本文学・随筆,305,遠藤 莉子,2009/1/30,2009/6/13,3,150,104,22,329,1,5,丸善
丘と奇跡 3巻,914,日本文学・随筆,376,遠藤 莉子,2004/10/14,2005/3/12,9,145,108,23,305,1,3,丸善
現代メディア論,70,ジャーナリズム,60,田中 由美,2015/10/14,2015/11/5,4,223,157,7,345,1,,ミネルヴァ書房
植物学概論,470,植物学,366,石川 湊,1999/10/13,2000/5/8,3,173,102,42,625,1,,中央公論新社
図書_2859,540,電気工学,245,田中 奈々,2011/3/14,2011/5/10,5,172,103,24,390,1,,幻冬舎
細い英語学,830,英語,296,小川 恵子,2020/12/24,2021/1/29,12,230,145,35,1037,1,,技術評論社
図書_4452,540,電気工学,378,坂本 純,2012/6/12,2012/7/6,9,214,162,33,1073,1,,祥伝社
強い樹,913,日本文学・小説,459,阿部 大輔,1982/10/20,1984/1/20,25,177,131,38,820,1,,丸善
ぼくらの風 3巻,913,日本文学・小説,356,西田 理恵,2018/6/18,2018/9/11,5,186,125,36,725,1,3,新潮社
古い心理学,140,心理学,433,小林 慎吾,1988/11/8,1988/11/30,10,262,183,52,2454,1,,祥伝社
The Last garden,973,ドイツ文学・小説,202,Lisa Green,2014/11/12,2015/3/14,10,234,144,21,651,1,,弘文堂
写真家と平安,230,ヨーロッパ史,370,井上 文子,1985/6/14,1986/2/12,3,255,176,40,1617,1,,岩波書店
図書_2871,340,財政学,290,斎藤 奈々,2020/3/5,2020/3/7,12,183,135,25,647,1,,丸善
魔法の鍵 3巻,914,日本文学・随筆,338,三浦 奈々,2018/12/17,2019/4/9,10,229,155,34,1111,1,3,角川書店
storm of Dublin,933,英米文学・小説,171,Barbara Lewis,2016/6/4,2017/2/25,11,147,101,11,196,1,,有斐閣
あの夕暮れの夢,914,日本文学・随筆,242,柴田 蓮,2013/11/8,2014/1/6,10,151,99,18,240,1,,福音館書店
太陽と倫理学,150,倫理学,248,木村 美咲,2014/4/17,2014/8/23,12,212,161,31,971,1,,文藝春秋
図書_4837,830,英語,204,藤井 陽,1994/4/18,1994/7/20,11,228,153,22,837,1,,吉川弘文館
あの夕凪の丘,913,日本文学・小説,287,杉山 美咲,2022/5/12,2022/7/8,16,205,146,28,867,1,,集英社
A forgotten river,953,フランス文学・小説,294,Dorothy Carter,2022/6/21,2023/8/30,8,180,128,30,584,1,,講談社
湖の伝説 1巻,913,日本文学・小説,208,小林 次郎,1992/5/29,1992/11/7,4,175,123,19,370,1,1,ハヤカワ書房
